Unnamed: 0,Product_Name,Category_Path,Brand_Name,Raw_Description,Price_String
0,smartwatch series x,Accessories > Adapters > Wearables > Smartwatches,   Clicky   ,Affordable office laptop with long battery efficiency.,831
1,Gaming Desktop RTX 4070,Tech > Audio>  Speakers,SoundX,Compact wireless earbuds with deep bass. <br>Waterproof!,$1826.26
2,Budget Office Laptop 15,ELECTRONICS > LAPTOPS,SoundX,Ultra thin lightweight laptop for everyday office work.,$614.99
3,SLIM ULTRABOOK 14-INCH,Accessories > Adapters & Hubs,techcorp,Mechanical keyboard with tactile RGB switches.,"$1,476.81"
4,Gaming Desktop RTX 4070,Wearables > Smartwatches,SoundX,Mechanical keyboard with tactile RGB switches.,
5,BLUETOOTH PARTY SPEAKER,Electronics > Laptops,TechCorp,Smart watch with heart rate monitor and GPS tracking.,
6,SLIM ULTRABOOK 14-INCH,Audio > Headphones,   Apple   ,Powerful gaming desktop PC with liquid cooling.,$781.96
7,UNKNOWN PRODUCT,Accessories > Mouse,Apple,Ergonomic wireless optical mouse with quiet clicks.,1519
8,Smartwatch Series X,ELECTRONICS > LAPTOPS,Apple,Ergonomic wireless optical mouse with quiet clicks.,₹34688.03
9,PROBOOK ULTRA LAPTOP 15-INCH,,TechCorp,Smart watch with heart rate monitor and GPS tracking.,-1341.29
10,USB-C Multiport Hub,Accessories > Mouse,,,PRICE: $1853.75
11,SLIM ULTRABOOK 14-INCH,Accessories > Adapters & Hubs,   TechCorp   ,<p>High performance <b>lightweight</b> laptop for productivity.</p>,$1612.65
12,   Ergonomic Wireless Mouse   ,Audio > Wireless > Earbuds,Apple,Compact wireless earbuds with deep bass. <br>Waterproof!,₹112418.96
13,   Workstation Laptop Pro 16   ,Tech > Audio > Speakers,Apple,Professional studio monitor wired headphones for audio mixing.,-1024.93
14,BUDGET OFFICE LAPTOP 15,Audio > Headphones,   LogiTech   ,Mechanical keyboard with tactile RGB switches.,
15,   Slim Ultrabook 14-inch   ,,techcorp,Premium wireless over-ear headphones with active noise cancellation.,$1683.42
16,air lite wireless earbuds,Audio > Wireless > Earbuds,Clicky,Powerful gaming desktop PC with liquid cooling.,$1425.85
17,SLIM ULTRABOOK 14-INCH,Accessories > Adapters & Hubs,,Smart watch with heart rate monitor and GPS tracking.,$234.06
18,UNKNOWN PRODUCT,Audio > Headphones,Zenith,Powerful gaming desktop PC with liquid cooling.,1441.06 USD
19,SLIM ULTRABOOK 14-INCH,Accessories > Adapters & Hubs,,High performance workstation laptop built for video editing.,₹148725.18
20,bluetooth party speaker,Electronics > Computers > Laptops,Acoustics,Compact wireless earbuds with deep bass. <br>Waterproof!,PRICE: $1420.27
21,   Over-Ear Noise Canceling Headphones   ,Accessories > Keyboards,   Acoustics   ,Compact wireless earbuds with deep bass. <br>Waterproof!,172.79 USD
22,   Studio Monitor Headphones   ,Audio > Wireless > Earbuds,Acoustics,<p>High performance <b>lightweight</b> laptop for productivity.</p>,979
23,Gaming Desktop RTX 4070,Accessories > Keyboards,,Compact wireless earbuds with deep bass. <br>Waterproof!,₹80712.19
24,gaming desktop rtx 4070,Audio > Wireless > Earbuds,   SoundX   ,Compact wireless earbuds with deep bass. <br>Waterproof!,"$1,302.18"
25,slim ultrabook 14-inch,Tech > Audio > Speakers,   Apple   ,Compact wireless earbuds with deep bass. <br>Waterproof!,₹25944.69
26,ergonomic wireless mouse,Audio > Headphones,,<p>High performance <b>lightweight</b> laptop for productivity.</p>,1701.38 USD
27,usb-c multiport hub,Tech > Audio > Speakers,Zenith,High performance workstation laptop built for video editing.,₹41991.31
28,Air Lite Wireless Earbuds,Accessories > Adapters & Hubs,   Apple   ,Mechanical keyboard with tactile RGB switches.,1495
29,   Gaming Desktop RTX 4070   ,ELECTRONICS > LAPTOPS,techcorp,Professional studio monitor wired headphones for audio mixing.,Free
30,   Studio Monitor Headphones   ,,Acoustics,Affordable office laptop with long battery efficiency.,1013
31,slim ultrabook 14-inch,Wearables > Smartwatches,   Clicky   ,Smart watch with heart rate monitor and GPS tracking.,PRICE: $785.40
32,SMARTWATCH SERIES X,Tech > Audio > Speakers,Acoustics,Premium wireless over-ear headphones with active noise cancellation.,658
33,   Over-Ear Noise Canceling Headphones   ,,techcorp,High performance workstation laptop built for video editing.,25.42 USD
34,STUDIO MONITOR HEADPHONES,Wearables > Smartwatches,BuildPC,High performance workstation laptop built for video editing.,134.65 USD
35,Smartwatch Series X,,techcorp,Ergonomic wireless optical mouse with quiet clicks.,$105.77
36,Ergonomic Wireless Mouse,Audio > Wireless > Earbuds,   SoundX   ,Mechanical keyboard with tactile RGB switches.,$196.67
37,PORTABLE EXTERNAL SSD 1TB,Accessories > Keyboards,Zenith,Mechanical keyboard with tactile RGB switches.,$290.17
38,UNKNOWN PRODUCT,Electronics > Desktops,   techcorp   ,Ultra thin lightweight laptop for everyday office work.,Free
39,USB-C Multiport Hub,Accessories > Adapters & Hubs,TechCorp,Compact wireless earbuds with deep bass. <br>Waterproof!,PRICE: $191.95
40,Budget Office Laptop 15,Accessories > Mouse,SoundX,Mechanical keyboard with tactile RGB switches.,₹68051.02
41,Over-Ear Noise Canceling Headphones,Audio > Wireless > Earbuds,SoundX,<p>High performance <b>lightweight</b> laptop for productivity.</p>,₹147081.16
42,   4K Ultra HD Monitor 27-inch   ,Wearables > Smartwatches,,Compact wireless earbuds with deep bass. <br>Waterproof!,
43,Gaming Desktop RTX 4070,Electronics > Laptops,Clicky,Affordable office laptop with long battery efficiency.,100.58 USD
44,Smartwatch Series X,Electronics > Computers > Laptops,Zenith,Powerful gaming desktop PC with liquid cooling.,426
45,Over-Ear Noise Canceling Headphones,Electronics > Desktops,techcorp,Powerful gaming desktop PC with liquid cooling.,$330.97
46,Budget Office Laptop 15,Tech > Audio > Speakers,SoundX,High performance workstation laptop built for video editing.,$78.41
47,Over-Ear Noise Canceling Headphones,Wearables > Smartwatches,TechCorp,Premium wireless over-ear headphones with active noise cancellation.,1555
48,Budget Office Laptop 15,Accessories > Adapters & Hubs,LogiTech,<p>High performance <b>lightweight</b> laptop for productivity.</p>,1366.96 USD
49,WORKSTATION LAPTOP PRO 16,ELECTRONICS > LAPTOPS,Zenith,Premium wireless over-ear headphones with active noise cancellation.,$1643.78
50,USB-C MULTIPORT HUB,Accessories > Mouse,Apple,Mechanical keyboard with tactile RGB switches.,1998
51,usb-c multiport hub,Wearables > Smartwatches,,Premium wireless over-ear headphones with active noise cancellation.,224.51 USD
52,studio monitor headphones,ELECTRONICS > LAPTOPS,Clicky,Mechanical keyboard with tactile RGB switches.,$256.41
53,PROBOOK ULTRA LAPTOP 15-INCH,Accessories > Mouse,SoundX,Mechanical keyboard with tactile RGB switches.,234
54,   ProBook Ultra Laptop 15-inch   ,Accessories > Keyboards,   BuildPC   ,Affordable office laptop with long battery efficiency.,PRICE: $1854.92
55,ergonomic wireless mouse,Electronics > Computers > Laptops,Acoustics,Powerful gaming desktop PC with liquid cooling.,Free
56,Smartwatch Series X,Tech > Audio > Speakers,SoundX,Mechanical keyboard with tactile RGB switches.,1777
57,USB-C MULTIPORT HUB,Electronics > Computers > Laptops,LogiTech,Ultra thin lightweight laptop for everyday office work.,525
58,   USB-C Multiport Hub   ,Audio > Headphones,Acoustics,<p>High performance <b>lightweight</b> laptop for productivity.</p>,$241.51
59,   Portable External SSD 1TB   ,Accessories > Adapters & Hubs,Apple,Ultra thin lightweight laptop for everyday office work.,"$1,562.75"
60,Air Lite Wireless Earbuds,Audio > Headphones,SoundX,Premium wireless over-ear headphones with active noise cancellation.,$1359.52
61,   Gaming Desktop RTX 4070   ,Accessories > Adapters & Hubs,TechCorp,Premium wireless over-ear headphones with active noise cancellation.,$1160.97
62,Studio Monitor Headphones,ELECTRONICS > LAPTOPS,techcorp,Powerful gaming desktop PC with liquid cooling.,Free
63,USB-C Multiport Hub,ELECTRONICS > LAPTOPS,   Apple   ,Smart watch with heart rate monitor and GPS tracking.,246
64,smartwatch series x,Audio > Headphones,TechCorp,Mechanical keyboard with tactile RGB switches.,-133.19
65,Slim Ultrabook 14-inch,Accessories > Mouse,LogiTech,Affordable office laptop with long battery efficiency.,$396.56
66,UNKNOWN PRODUCT,Audio > Headphones,SoundX,Affordable office laptop with long battery efficiency.,$699.33
67,Bluetooth Party Speaker,Accessories > Keyboards,,Compact wireless earbuds with deep bass. <br>Waterproof!,$759.15
68,Ergonomic Wireless Mouse,,BuildPC,Ultra thin lightweight laptop for everyday office work.,
69,Slim Ultrabook 14-inch,Electronics > Desktops,Apple,High performance workstation laptop built for video editing.,PRICE: $1566.94
70,USB-C MULTIPORT HUB,Electronics > Computers > Laptops,,Ergonomic wireless optical mouse with quiet clicks.,$933.26
71,usb-c multiport hub,Wearables > Smartwatches,LogiTech,Professional studio monitor wired headphones for audio mixing.,"$1,102.31"
72,air lite wireless earbuds,Electronics > Computers > Laptops,Clicky,Smart watch with heart rate monitor and GPS tracking.,"$1,960.45"
73,air lite wireless earbuds,Electronics > Desktops,Acoustics,Compact wireless earbuds with deep bass. <br>Waterproof!,Free
74,USB-C MULTIPORT HUB,Electronics > Desktops,Acoustics,Professional studio monitor wired headphones for audio mixing.,1449.83 USD
75,   ProBook Ultra Laptop 15-inch   ,Electronics > Laptops,techcorp,Ergonomic wireless optical mouse with quiet clicks.,
76,   ProBook Ultra Laptop 15-inch   ,Accessories > Keyboards,   Clicky   ,<p>High performance <b>lightweight</b> laptop for productivity.</p>,Free
77,   4K Ultra HD Monitor 27-inch   ,Electronics > Laptops,Clicky,Professional studio monitor wired headphones for audio mixing.,-1736.57
78,   Mechanical RGB Keyboard   ,Electronics > Desktops,,Ergonomic wireless optical mouse with quiet clicks.,-1657.97
79,Budget Office Laptop 15,Accessories > Mouse,SoundX,Premium wireless over-ear headphones with active noise cancellation.,"$1,958.93"
80,   Budget Office Laptop 15   ,Electronics > Desktops,SoundX,Powerful gaming desktop PC with liquid cooling.,₹113466.31
81,UNKNOWN PRODUCT,,LogiTech,Mechanical keyboard with tactile RGB switches.,PRICE: $797.15
82,STUDIO MONITOR HEADPHONES,Accessories > Keyboards,SoundX,Smart watch with heart rate monitor and GPS tracking.,$1881.92
83,Ergonomic Wireless Mouse,ELECTRONICS > LAPTOPS,TechCorp,,1837
84,USB-C Multiport Hub,Accessories > Adapters & Hubs,TechCorp,Compact wireless earbuds with deep bass. <br>Waterproof!,PRICE: $495.94
85,BUDGET OFFICE LAPTOP 15,Audio > Wireless > Earbuds,   Apple   ,High performance workstation laptop built for video editing.,Free
86,smartwatch series x,Electronics > Desktops,TechCorp,Ultra thin lightweight laptop for everyday office work.,"$1,647.61"
87,AIR LITE WIRELESS EARBUDS,,   SoundX   ,Premium wireless over-ear headphones with active noise cancellation.,$1400.89
88,Gaming Desktop RTX 4070,Electronics > Desktops,techcorp,Ultra thin lightweight laptop for everyday office work.,₹8805.96
89,smartwatch series x,Electronics > Computers > Laptops,Acoustics,<p>High performance <b>lightweight</b> laptop for productivity.</p>,-519.91
90,UNKNOWN PRODUCT,Electronics > Computers > Laptops,Acoustics,Smart watch with heart rate monitor and GPS tracking.,-1932.29
91,Ergonomic Wireless Mouse,Electronics > Computers > Laptops,,Affordable office laptop with long battery efficiency.,₹96330.14
92,Smartwatch Series X,Electronics > Laptops,BuildPC,Mechanical keyboard with tactile RGB switches.,PRICE: $1425.48
93,PROBOOK ULTRA LAPTOP 15-INCH,Audio > Wireless > Earbuds,   techcorp   ,High performance workstation laptop built for video editing.,1181
94,UNKNOWN PRODUCT,Electronics > Laptops,SoundX,Professional studio monitor wired headphones for audio mixing.,-428.19
95,   Studio Monitor Headphones   ,,SoundX,Premium wireless over-ear headphones with active noise cancellation.,₹81859.64
96,AIR LITE WIRELESS EARBUDS,Wearables > Smartwatches,   Acoustics   ,Premium wireless over-ear headphones with active noise cancellation.,-845.97
97,   Air Lite Wireless Earbuds   ,Electronics > Computers > Laptops,LogiTech,Mechanical keyboard with tactile RGB switches.,PRICE: $1107.74
98,   USB-C Multiport Hub   ,Accessories > Mouse,Zenith,High performance workstation laptop built for video editing.,₹109552.26
99,   Workstation Laptop Pro 16   ,ELECTRONICS > LAPTOPS,SoundX,Compact wireless earbuds with deep bass. <br>Waterproof!,₹149783.03
100,Studio Monitor Headphones,Electronics > Laptops,Clicky,Affordable office laptop with long battery efficiency.,1283.60 USD
101,Smartwatch Series X,Audio > Wireless > Earbuds,Zenith,Ultra thin lightweight laptop for everyday office work.,₹99323.24
102,Workstation Laptop Pro 16,Audio > Headphones,techcorp,High performance workstation laptop built for video editing.,PRICE: $1191.73
103,UNKNOWN PRODUCT,Electronics > Desktops,,Smart watch with heart rate monitor and GPS tracking.,$57.74
104,   4K Ultra HD Monitor 27-inch   ,Wearables > Smartwatches,BuildPC,Mechanical keyboard with tactile RGB switches.,Free
105,GAMING DESKTOP RTX 4070,ELECTRONICS > LAPTOPS,Apple,Mechanical keyboard with tactile RGB switches.,
106,   Slim Ultrabook 14-inch   ,Electronics > Laptops,Apple,Professional studio monitor wired headphones for audio mixing.,
107,   Workstation Laptop Pro 16   ,ELECTRONICS > LAPTOPS,Apple,Compact wireless earbuds with deep bass. <br>Waterproof!,-1448.14
108,Studio Monitor Headphones,Electronics > Computers > Laptops,SoundX,High performance workstation laptop built for video editing.,PRICE: $1500.73
109,usb-c multiport hub,ELECTRONICS > LAPTOPS,Zenith,Smart watch with heart rate monitor and GPS tracking.,PRICE: $325.19
110,smartwatch series x,Accessories > Mouse,Apple,Ergonomic wireless optical mouse with quiet clicks.,1974.01 USD
111,   Ergonomic Wireless Mouse   ,Tech > Audio > Speakers,TechCorp,Professional studio monitor wired headphones for audio mixing.,-1864.81
112,slim ultrabook 14-inch,ELECTRONICS > LAPTOPS,   TechCorp   ,High performance workstation laptop built for video editing.,₹130820.54
113,   Over-Ear Noise Canceling Headphones   ,Electronics > Computers > Laptops,,High performance workstation laptop built for video editing.,"$1,185.93"
114,MECHANICAL RGB KEYBOARD,Accessories > Adapters & Hubs,LogiTech,Powerful gaming desktop PC with liquid cooling.,53.05 USD
115,Workstation Laptop Pro 16,Electronics > Laptops,techcorp,Ergonomic wireless optical mouse with quiet clicks.,"$1,748.18"
116,slim ultrabook 14-inch,Wearables > Smartwatches,Clicky,Ultra thin lightweight laptop for everyday office work.,Free
117,4K Ultra HD Monitor 27-inch,Accessories > Adapters & Hubs,Acoustics,Powerful gaming desktop PC with liquid cooling.,$350.28
118,4K ULTRA HD MONITOR 27-INCH,Accessories > Adapters & Hubs,,Ergonomic wireless optical mouse with quiet clicks.,$1093.41
119,   Ergonomic Wireless Mouse   ,Audio > Wireless > Earbuds,,Affordable office laptop with long battery efficiency.,535.11 USD
120,gaming desktop rtx 4070,Electronics > Computers > Laptops,SoundX,Affordable office laptop with long battery efficiency.,212
121,   USB-C Multiport Hub   ,Electronics > Computers > Laptops,BuildPC,Smart watch with heart rate monitor and GPS tracking.,395
122,Portable External SSD 1TB,,   Clicky   ,High performance workstation laptop built for video editing.,1312.23 USD
123,BUDGET OFFICE LAPTOP 15,Electronics > Computers > Laptops,   SoundX   ,Professional studio monitor wired headphones for audio mixing.,Free
124,USB-C Multiport Hub,Wearables > Smartwatches,   Acoustics   ,Powerful gaming desktop PC with liquid cooling.,
125,   Bluetooth Party Speaker   ,Electronics > Computers > Laptops,   SoundX   ,Ergonomic wireless optical mouse with quiet clicks.,"$1,096.13"
126,UNKNOWN PRODUCT,Audio > Headphones,techcorp,High performance workstation laptop built for video editing.,-620.14
127,portable external ssd 1tb,,Zenith,Smart watch with heart rate monitor and GPS tracking.,-1962.02
128,slim ultrabook 14-inch,Electronics > Computers > Laptops,   SoundX   ,Premium wireless over-ear headphones with active noise cancellation.,$1324.17
129,ergonomic wireless mouse,Audio > Headphones,,Compact wireless earbuds with deep bass. <br>Waterproof!,Free
130,bluetooth party speaker,Accessories > Adapters & Hubs,SoundX,Compact wireless earbuds with deep bass. <br>Waterproof!,$256.50
131,GAMING DESKTOP RTX 4070,ELECTRONICS > LAPTOPS,Apple,Ultra thin lightweight laptop for everyday office work.,Free
132,Ergonomic Wireless Mouse,Electronics > Laptops,Zenith,<p>High performance <b>lightweight</b> laptop for productivity.</p>,94
133,BUDGET OFFICE LAPTOP 15,Electronics > Computers > Laptops,TechCorp,<p>High performance <b>lightweight</b> laptop for productivity.</p>,₹137768.31
134,GAMING DESKTOP RTX 4070,Audio > Headphones,SoundX,Ultra thin lightweight laptop for everyday office work.,"$1,647.80"
135,   USB-C Multiport Hub   ,Electronics > Laptops,   SoundX   ,Mechanical keyboard with tactile RGB switches.,"$1,829.68"
136,probook ultra laptop 15-inch,Audio > Headphones,LogiTech,Compact wireless earbuds with deep bass. <br>Waterproof!,Free
137,Over-Ear Noise Canceling Headphones,Electronics > Desktops,   SoundX   ,Ergonomic wireless optical mouse with quiet clicks.,-558.83
138,portable external ssd 1tb,Wearables > Smartwatches,LogiTech,Professional studio monitor wired headphones for audio mixing.,PRICE: $1134.90
139,BLUETOOTH PARTY SPEAKER,Electronics > Laptops,BuildPC,Smart watch with heart rate monitor and GPS tracking.,"$1,701.97"
140,   4K Ultra HD Monitor 27-inch   ,Electronics > Laptops,   LogiTech   ,Powerful gaming desktop PC with liquid cooling.,₹81496.14
141,bluetooth party speaker,ELECTRONICS > LAPTOPS,Acoustics,Smart watch with heart rate monitor and GPS tracking.,
142,PORTABLE EXTERNAL SSD 1TB,Accessories > Mouse,TechCorp,Smart watch with heart rate monitor and GPS tracking.,
143,   ProBook Ultra Laptop 15-inch   ,Electronics > Laptops,   BuildPC   ,Powerful gaming desktop PC with liquid cooling.,790
144,Budget Office Laptop 15,Accessories > Mouse,BuildPC,Mechanical keyboard with tactile RGB switches.,
145,ERGONOMIC WIRELESS MOUSE,Audio > Wireless > Earbuds,BuildPC,Premium wireless over-ear headphones with active noise cancellation.,$234.04
146,4K ULTRA HD MONITOR 27-INCH,Accessories > Keyboards,,Affordable office laptop with long battery efficiency.,1321.54 USD
147,budget office laptop 15,Accessories > Keyboards,,Compact wireless earbuds with deep bass. <br>Waterproof!,$816.09
148,UNKNOWN PRODUCT,Wearables > Smartwatches,LogiTech,Smart watch with heart rate monitor and GPS tracking.,1438
149,4k ultra hd monitor 27-inch,,SoundX,Smart watch with heart rate monitor and GPS tracking.,1611
150,usb-c multiport hub,Tech > Audio > Speakers,LogiTech,Ergonomic wireless optical mouse with quiet clicks.,-284.01
151,UNKNOWN PRODUCT,Tech > Audio > Speakers,Clicky,Ergonomic wireless optical mouse with quiet clicks.,Free
152,   Workstation Laptop Pro 16   ,,Acoustics,<p>High performance <b>lightweight</b> laptop for productivity.</p>,$504.57
153,   Gaming Desktop RTX 4070   ,Accessories > Adapters & Hubs,,Ergonomic wireless optical mouse with quiet clicks.,Free
154,GAMING DESKTOP RTX 4070,Accessories > Mouse,Apple,Premium wireless over-ear headphones with active noise cancellation.,1854
155,   Air Lite Wireless Earbuds   ,Electronics > Computers > Laptops,,Premium wireless over-ear headphones with active noise cancellation.,-641.61
156,   Portable External SSD 1TB   ,Electronics > Laptops,BuildPC,Powerful gaming desktop PC with liquid cooling.,63.16 USD
157,   Mechanical RGB Keyboard   ,Wearables > Smartwatches,BuildPC,Ergonomic wireless optical mouse with quiet clicks.,₹96602.35
158,ergonomic wireless mouse,Accessories > Keyboards,Zenith,Compact wireless earbuds with deep bass. <br>Waterproof!,1958
159,Portable External SSD 1TB,Audio > Wireless > Earbuds,,Ultra thin lightweight laptop for everyday office work.,
160,GAMING DESKTOP RTX 4070,Accessories > Keyboards,   Zenith   ,Ergonomic wireless optical mouse with quiet clicks.,PRICE: $571.47
161,Portable External SSD 1TB,Audio > Headphones,Clicky,Professional studio monitor wired headphones for audio mixing.,1791.95 USD
162,slim ultrabook 14-inch,Accessories > Adapters & Hubs,SoundX,,Free
163,budget office laptop 15,Audio > Wireless > Earbuds,Apple,Compact wireless earbuds with deep bass. <br>Waterproof!,44.43 USD
164,UNKNOWN PRODUCT,Accessories > Mouse,,Premium wireless over-ear headphones with active noise cancellation.,₹2943.03
165,USB-C Multiport Hub,Wearables > Smartwatches,SoundX,Mechanical keyboard with tactile RGB switches.,₹133470.77
166,4k ultra hd monitor 27-inch,Accessories > Keyboards,,Premium wireless over-ear headphones with active noise cancellation.,-635.68
167,4k ultra hd monitor 27-inch,Accessories > Mouse,SoundX,Affordable office laptop with long battery efficiency.,1578
168,Portable External SSD 1TB,Accessories > Mouse,Acoustics,Mechanical keyboard with tactile RGB switches.,₹6146.08
169,slim ultrabook 14-inch,Accessories > Adapters & Hubs,Zenith,Affordable office laptop with long battery efficiency.,
170,ergonomic wireless mouse,Accessories > Keyboards,SoundX,Smart watch with heart rate monitor and GPS tracking.,$1906.47
171,Budget Office Laptop 15,Tech > Audio > Speakers,techcorp,Premium wireless over-ear headphones with active noise cancellation.,Free
172,   Air Lite Wireless Earbuds   ,Audio > Wireless > Earbuds,BuildPC,Compact wireless earbuds with deep bass. <br>Waterproof!,$417.86
173,BLUETOOTH PARTY SPEAKER,Accessories > Mouse,   Zenith   ,,$583.27
174,studio monitor headphones,Electronics > Computers > Laptops,Zenith,Ultra thin lightweight laptop for everyday office work.,714.03 USD
175,gaming desktop rtx 4070,Electronics > Computers > Laptops,SoundX,Compact wireless earbuds with deep bass. <br>Waterproof!,$786.91
176,ProBook Ultra Laptop 15-inch,Audio > Wireless > Earbuds,LogiTech,Premium wireless over-ear headphones with active noise cancellation.,PRICE: $1386.77
177,Smartwatch Series X,Wearables > Smartwatches,SoundX,Professional studio monitor wired headphones for audio mixing.,378.65 USD
178,Slim Ultrabook 14-inch,ELECTRONICS > LAPTOPS,BuildPC,Mechanical keyboard with tactile RGB switches.,1693.59 USD
179,Smartwatch Series X,Accessories > Adapters & Hubs,Acoustics,Premium wireless over-ear headphones with active noise cancellation.,$648.73
180,STUDIO MONITOR HEADPHONES,Wearables > Smartwatches,SoundX,Powerful gaming desktop PC with liquid cooling.,₹86252.18
181,over-ear noise canceling headphones,Electronics > Desktops,techcorp,Ergonomic wireless optical mouse with quiet clicks.,₹121903.74
182,4K Ultra HD Monitor 27-inch,Audio > Wireless > Earbuds,   TechCorp   ,Premium wireless over-ear headphones with active noise cancellation.,1882.07 USD
183,gaming desktop rtx 4070,Tech > Audio > Speakers,SoundX,<p>High performance <b>lightweight</b> laptop for productivity.</p>,
184,AIR LITE WIRELESS EARBUDS,,   LogiTech   ,Ergonomic wireless optical mouse with quiet clicks.,
185,Over-Ear Noise Canceling Headphones,Tech > Audio > Speakers,   Apple   ,Affordable office laptop with long battery efficiency.,Free
186,MECHANICAL RGB KEYBOARD,Electronics > Laptops,,Smart watch with heart rate monitor and GPS tracking.,787
187,4K ULTRA HD MONITOR 27-INCH,Electronics > Desktops,Apple,<p>High performance <b>lightweight</b> laptop for productivity.</p>,PRICE: $610.44
188,4K ULTRA HD MONITOR 27-INCH,Accessories > Mouse,TechCorp,Powerful gaming desktop PC with liquid cooling.,-1467.25
189,slim ultrabook 14-inch,Wearables > Smartwatches,techcorp,Professional studio monitor wired headphones for audio mixing.,$865.60
190,ergonomic wireless mouse,Electronics > Laptops,SoundX,Ergonomic wireless optical mouse with quiet clicks.,
191,bluetooth party speaker,Electronics > Desktops,   Zenith   ,,
192,   ProBook Ultra Laptop 15-inch   ,Electronics > Laptops,   BuildPC   ,Powerful gaming desktop PC with liquid cooling.,790
193,   Bluetooth Party Speaker   ,,Acoustics,Mechanical keyboard with tactile RGB switches.,Free
194,ergonomic wireless mouse,,SoundX,Ergonomic wireless optical mouse with quiet clicks.,"$1,933.82"
195,Slim Ultrabook 14-inch,Accessories > Keyboards,TechCorp,Smart watch with heart rate monitor and GPS tracking.,637.96 USD
196,GAMING DESKTOP RTX 4070,,,Ergonomic wireless optical mouse with quiet clicks.,1352.15 USD
197,4K Ultra HD Monitor 27-inch,Accessories > Adapters & Hubs,Clicky,Smart watch with heart rate monitor and GPS tracking.,796.08 USD
198,UNKNOWN PRODUCT,Electronics > Laptops,BuildPC,Ergonomic wireless optical mouse with quiet clicks.,-194.28
199,4K Ultra HD Monitor 27-inch,Tech > Audio > Speakers,Apple,Smart watch with heart rate monitor and GPS tracking.,
200,Gaming Desktop RTX 4070,Tech > Audio > Speakers,,Ultra thin lightweight laptop for everyday office work.,Free
201,Studio Monitor Headphones,Electronics > Computers > Laptops,LogiTech,Ultra thin lightweight laptop for everyday office work.,"$1,274.41"
202,bluetooth party speaker,Wearables > Smartwatches,TechCorp,Ergonomic wireless optical mouse with quiet clicks.,Free
203,   Portable External SSD 1TB   ,ELECTRONICS > LAPTOPS,Zenith,,-353.43
204,Portable External SSD 1TB,ELECTRONICS > LAPTOPS,,Ergonomic wireless optical mouse with quiet clicks.,₹124206.49
205,ergonomic wireless mouse,Audio > Headphones,   Apple   ,Mechanical keyboard with tactile RGB switches.,-1035.05
206,Ergonomic Wireless Mouse,Accessories > Mouse,Clicky,Ultra thin lightweight laptop for everyday office work.,110
207,4K Ultra HD Monitor 27-inch,Electronics > Desktops,Zenith,Mechanical keyboard with tactile RGB switches.,829.51 USD
208,Slim Ultrabook 14-inch,Electronics > Computers > Laptops,SoundX,Ergonomic wireless optical mouse with quiet clicks.,PRICE: $1494.29
209,Studio Monitor Headphones,Accessories > Keyboards,SoundX,Ergonomic wireless optical mouse with quiet clicks.,₹20123.41
210,USB-C MULTIPORT HUB,Electronics > Desktops,,<p>High performance <b>lightweight</b> laptop for productivity.</p>,$39.15
211,MECHANICAL RGB KEYBOARD,Audio > Wireless > Earbuds,Acoustics,Professional studio monitor wired headphones for audio mixing.,92.66 USD
212,WORKSTATION LAPTOP PRO 16,Audio > Headphones,   TechCorp   ,Premium wireless over-ear headphones with active noise cancellation.,₹8583.34
213,Studio Monitor Headphones,ELECTRONICS > LAPTOPS,techcorp,<p>High performance <b>lightweight</b> laptop for productivity.</p>,-737.55
214,Portable External SSD 1TB,,Acoustics,Ultra thin lightweight laptop for everyday office work.,₹27708.18
215,smartwatch series x,Audio > Headphones,   Acoustics   ,Premium wireless over-ear headphones with active noise cancellation.,-853.78
216,Smartwatch Series X,Tech > Audio > Speakers,   BuildPC   ,Affordable office laptop with long battery efficiency.,$1955.59
217,ERGONOMIC WIRELESS MOUSE,Accessories > Mouse,   TechCorp   ,Professional studio monitor wired headphones for audio mixing.,1107.22 USD
218,usb-c multiport hub,,Clicky,Compact wireless earbuds with deep bass. <br>Waterproof!,1231.66 USD
219,STUDIO MONITOR HEADPHONES,Accessories > Mouse,   Apple   ,Smart watch with heart rate monitor and GPS tracking.,-1764.37
220,WORKSTATION LAPTOP PRO 16,Electronics > Desktops,Acoustics,Affordable office laptop with long battery efficiency.,1367.19 USD
221,smartwatch series x,Accessories > Adapters & Hubs,Clicky,<p>High performance <b>lightweight</b> laptop for productivity.</p>,1861
222,   Workstation Laptop Pro 16   ,Audio > Headphones,LogiTech,High performance workstation laptop built for video editing.,₹48525.44
223,4k ultra hd monitor 27-inch,,techcorp,Ergonomic wireless optical mouse with quiet clicks.,483
224,   Gaming Desktop RTX 4070   ,Electronics > Computers > Laptops,Clicky,Powerful gaming desktop PC with liquid cooling.,1555
225,4K Ultra HD Monitor 27-inch,Audio > Wireless > Earbuds,Zenith,,
226,ergonomic wireless mouse,Accessories > Adapters & Hubs,BuildPC,Affordable office laptop with long battery efficiency.,Free
227,Portable External SSD 1TB,Tech > Audio > Speakers,,Powerful gaming desktop PC with liquid cooling.,PRICE: $1395.35
228,PROBOOK ULTRA LAPTOP 15-INCH,Electronics > Laptops,Apple,Mechanical keyboard with tactile RGB switches.,₹82776.71
229,Workstation Laptop Pro 16,Accessories > Adapters & Hubs,SoundX,High performance workstation laptop built for video editing.,₹129181.77
230,   ProBook Ultra Laptop 15-inch   ,Electronics > Computers > Laptops,   Acoustics   ,,Free
231,GAMING DESKTOP RTX 4070,Electronics > Laptops,Apple,Ultra thin lightweight laptop for everyday office work.,Free
232,AIR LITE WIRELESS EARBUDS,Tech > Audio > Speakers,LogiTech,Professional studio monitor wired headphones for audio mixing.,86.97 USD
233,   Smartwatch Series X   ,Wearables > Smartwatches,Clicky,Powerful gaming desktop PC with liquid cooling.,-683.51
234,ProBook Ultra Laptop 15-inch,ELECTRONICS > LAPTOPS,LogiTech,Premium wireless over-ear headphones with active noise cancellation.,PRICE: $1327.98
235,Ergonomic Wireless Mouse,Tech > Audio > Speakers,,Powerful gaming desktop PC with liquid cooling.,"$1,191.95"
236,ergonomic wireless mouse,Accessories > Mouse,TechCorp,Smart watch with heart rate monitor and GPS tracking.,$83.60
237,Portable External SSD 1TB,,Zenith,Ultra thin lightweight laptop for everyday office work.,
238,Bluetooth Party Speaker,Electronics > Laptops,techcorp,Affordable office laptop with long battery efficiency.,₹104882.67
239,BUDGET OFFICE LAPTOP 15,Electronics > Computers > Laptops,SoundX,Compact wireless earbuds with deep bass. <br>Waterproof!,₹35705.70
240,Gaming Desktop RTX 4070,Electronics > Desktops,SoundX,Affordable office laptop with long battery efficiency.,Free
241,bluetooth party speaker,Accessories > Mouse,SoundX,Compact wireless earbuds with deep bass. <br>Waterproof!,₹18002.95
242,ProBook Ultra Laptop 15-inch,ELECTRONICS > LAPTOPS,Acoustics,Professional studio monitor wired headphones for audio mixing.,PRICE: $1245.64
243,Air Lite Wireless Earbuds,Wearables > Smartwatches,,Powerful gaming desktop PC with liquid cooling.,$864.40
244,   Smartwatch Series X   ,Accessories > Mouse,techcorp,Mechanical keyboard with tactile RGB switches.,Free
245,slim ultrabook 14-inch,Wearables > Smartwatches,   Clicky   ,Smart watch with heart rate monitor and GPS tracking.,PRICE: $785.40
246,STUDIO MONITOR HEADPHONES,Accessories > Adapters & Hubs,SoundX,Ultra thin lightweight laptop for everyday office work.,
247,USB-C MULTIPORT HUB,Audio > Wireless > Earbuds,Zenith,Ultra thin lightweight laptop for everyday office work.,₹143599.37
248,bluetooth party speaker,,Clicky,Smart watch with heart rate monitor and GPS tracking.,1730
249,Studio Monitor Headphones,Accessories > Adapters & Hubs,   Zenith   ,<p>High performance <b>lightweight</b> laptop for productivity.</p>,1799
250,USB-C Multiport Hub,Accessories > Keyboards,,Powerful gaming desktop PC with liquid cooling.,Free
251,   Smartwatch Series X   ,,   SoundX   ,Ultra thin lightweight laptop for everyday office work.,$215.51
252,Studio Monitor Headphones,Audio > Wireless > Earbuds,SoundX,,-1675.68
253,WORKSTATION LAPTOP PRO 16,Accessories > Keyboards,Apple,Ergonomic wireless optical mouse with quiet clicks.,126.28 USD
254,Gaming Desktop RTX 4070,Accessories > Keyboards,Apple,,929.66 USD
255,Studio Monitor Headphones,Electronics > Desktops,   Acoustics   ,Compact wireless earbuds with deep bass. <br>Waterproof!,Free
256,Air Lite Wireless Earbuds,Tech > Audio > Speakers,Apple,Ergonomic wireless optical mouse with quiet clicks.,
257,   Studio Monitor Headphones   ,,   Acoustics   ,Mechanical keyboard with tactile RGB switches.,PRICE: $680.21
258,Workstation Laptop Pro 16,,   Acoustics   ,Ultra thin lightweight laptop for everyday office work.,-193.50
259,Ergonomic Wireless Mouse,Audio > Wireless > Earbuds,Zenith,Powerful gaming desktop PC with liquid cooling.,Free
260,Over-Ear Noise Canceling Headphones,Audio > Headphones,Apple,Compact wireless earbuds with deep bass. <br>Waterproof!,-904.16
261,workstation laptop pro 16,Electronics > Desktops,   Clicky   ,<p>High performance <b>lightweight</b> laptop for productivity.</p>,Free
262,   Smartwatch Series X   ,Audio > Headphones,SoundX,Ergonomic wireless optical mouse with quiet clicks.,
263,ERGONOMIC WIRELESS MOUSE,Electronics > Computers > Laptops,,<p>High performance <b>lightweight</b> laptop for productivity.</p>,₹136596.19
264,Workstation Laptop Pro 16,Wearables > Smartwatches,,Compact wireless earbuds with deep bass. <br>Waterproof!,₹81416.72
265,studio monitor headphones,Audio > Headphones,techcorp,High performance workstation laptop built for video editing.,$427.52
266,Mechanical RGB Keyboard,ELECTRONICS > LAPTOPS,BuildPC,Professional studio monitor wired headphones for audio mixing.,-1974.63
267,UNKNOWN PRODUCT,Accessories > Keyboards,Apple,<p>High performance <b>lightweight</b> laptop for productivity.</p>,PRICE: $139.77
268,air lite wireless earbuds,Accessories > Adapters & Hubs,TechCorp,Smart watch with heart rate monitor and GPS tracking.,472.84 USD
269,   USB-C Multiport Hub   ,Tech > Audio > Speakers,   techcorp   ,<p>High performance <b>lightweight</b> laptop for productivity.</p>,₹38506.84
270,   Smartwatch Series X   ,Electronics > Desktops,BuildPC,Mechanical keyboard with tactile RGB switches.,₹27364.41
271,Air Lite Wireless Earbuds,Electronics > Laptops,   SoundX   ,Ultra thin lightweight laptop for everyday office work.,
272,studio monitor headphones,Wearables > Smartwatches,Apple,Mechanical keyboard with tactile RGB switches.,₹88732.88
273,BUDGET OFFICE LAPTOP 15,ELECTRONICS > LAPTOPS,SoundX,Smart watch with heart rate monitor and GPS tracking.,-98.06
274,   Portable External SSD 1TB   ,Accessories > Keyboards,Apple,Powerful gaming desktop PC with liquid cooling.,₹14131.33
275,UNKNOWN PRODUCT,Electronics > Desktops,Zenith,Premium wireless over-ear headphones with active noise cancellation.,$1761.28
276,STUDIO MONITOR HEADPHONES,Electronics > Computers > Laptops,,Premium wireless over-ear headphones with active noise cancellation.,
277,SMARTWATCH SERIES X,Tech > Audio > Speakers,Zenith,Mechanical keyboard with tactile RGB switches.,₹132809.63
278,4k ultra hd monitor 27-inch,Accessories > Adapters & Hubs,techcorp,Ergonomic wireless optical mouse with quiet clicks.,"$1,369.56"
279,ERGONOMIC WIRELESS MOUSE,Accessories > Adapters & Hubs,techcorp,High performance workstation laptop built for video editing.,1748
280,Over-Ear Noise Canceling Headphones,Electronics > Computers > Laptops,Zenith,Ergonomic wireless optical mouse with quiet clicks.,₹141272.47
281,   Slim Ultrabook 14-inch   ,Electronics > Desktops,SoundX,Powerful gaming desktop PC with liquid cooling.,Free
282,   Ergonomic Wireless Mouse   ,ELECTRONICS > LAPTOPS,,Mechanical keyboard with tactile RGB switches.,₹13684.33
283,Gaming Desktop RTX 4070,Accessories > Mouse,BuildPC,Powerful gaming desktop PC with liquid cooling.,1529
284,over-ear noise canceling headphones,Tech > Audio > Speakers,,<p>High performance <b>lightweight</b> laptop for productivity.</p>,1347
285,   Smartwatch Series X   ,ELECTRONICS > LAPTOPS,   LogiTech   ,Ergonomic wireless optical mouse with quiet clicks.,Free
286,MECHANICAL RGB KEYBOARD,Audio > Headphones,   Zenith   ,Affordable office laptop with long battery efficiency.,
287,air lite wireless earbuds,Wearables > Smartwatches,Clicky,Professional studio monitor wired headphones for audio mixing.,"$1,719.83"
288,Bluetooth Party Speaker,Audio > Wireless > Earbuds,BuildPC,Compact wireless earbuds with deep bass. <br>Waterproof!,Free
289,portable external ssd 1tb,Electronics > Desktops,   BuildPC   ,Mechanical keyboard with tactile RGB switches.,"$1,872.93"
290,   Studio Monitor Headphones   ,Accessories > Keyboards,BuildPC,Affordable office laptop with long battery efficiency.,1744
291,   4K Ultra HD Monitor 27-inch   ,Electronics > Computers > Laptops,BuildPC,Powerful gaming desktop PC with liquid cooling.,933.67 USD
292,Gaming Desktop RTX 4070,Audio > Headphones,   Apple   ,,Free
293,   Studio Monitor Headphones   ,Wearables > Smartwatches,LogiTech,High performance workstation laptop built for video editing.,PRICE: $499.78
294,   Gaming Desktop RTX 4070   ,Accessories > Mouse,Zenith,Ultra thin lightweight laptop for everyday office work.,Free
295,SLIM ULTRABOOK 14-INCH,Electronics > Laptops,Clicky,Smart watch with heart rate monitor and GPS tracking.,$1948.97
296,   Smartwatch Series X   ,Electronics > Desktops,BuildPC,Ultra thin lightweight laptop for everyday office work.,PRICE: $1059.06
297,Studio Monitor Headphones,Wearables > Smartwatches,LogiTech,Smart watch with heart rate monitor and GPS tracking.,
298,UNKNOWN PRODUCT,Accessories > Keyboards,TechCorp,Compact wireless earbuds with deep bass. <br>Waterproof!,
299,   Bluetooth Party Speaker   ,Electronics > Computers > Laptops,TechCorp,Smart watch with heart rate monitor and GPS tracking.,145.08 USD
300,Workstation Laptop Pro 16,ELECTRONICS > LAPTOPS,,Mechanical keyboard with tactile RGB switches.,-788.42
301,gaming desktop rtx 4070,Tech > Audio > Speakers,TechCorp,Ultra thin lightweight laptop for everyday office work.,₹103753.31
302,PROBOOK ULTRA LAPTOP 15-INCH,ELECTRONICS > LAPTOPS,techcorp,Compact wireless earbuds with deep bass. <br>Waterproof!,Free
303,Slim Ultrabook 14-inch,Wearables > Smartwatches,,Mechanical keyboard with tactile RGB switches.,-179.30
304,Budget Office Laptop 15,Electronics > Laptops,techcorp,Ultra thin lightweight laptop for everyday office work.,392.91 USD
305,UNKNOWN PRODUCT,Audio > Wireless > Earbuds,Clicky,Ultra thin lightweight laptop for everyday office work.,
306,Workstation Laptop Pro 16,Electronics > Desktops,techcorp,Premium wireless over-ear headphones with active noise cancellation.,$1873.71
307,   Smartwatch Series X   ,Audio > Headphones,LogiTech,Compact wireless earbuds with deep bass. <br>Waterproof!,$1319.34
308,   Studio Monitor Headphones   ,Audio > Headphones,,High performance workstation laptop built for video editing.,"$1,714.33"
309,usb-c multiport hub,Audio > Wireless > Earbuds,,Powerful gaming desktop PC with liquid cooling.,1851.36 USD
310,Ergonomic Wireless Mouse,Accessories > Keyboards,Acoustics,Compact wireless earbuds with deep bass. <br>Waterproof!,
311,UNKNOWN PRODUCT,Electronics > Computers > Laptops,TechCorp,Powerful gaming desktop PC with liquid cooling.,₹35019.68
312,   USB-C Multiport Hub   ,Electronics > Computers > Laptops,Clicky,Ultra thin lightweight laptop for everyday office work.,-1781.18
313,OVER-EAR NOISE CANCELING HEADPHONES,Audio > Wireless > Earbuds,Zenith,Mechanical keyboard with tactile RGB switches.,1121.18 USD
314,Workstation Laptop Pro 16,Accessories > Adapters & Hubs,LogiTech,Smart watch with heart rate monitor and GPS tracking.,-174.23
315,PROBOOK ULTRA LAPTOP 15-INCH,Audio > Headphones,Apple,<p>High performance <b>lightweight</b> laptop for productivity.</p>,PRICE: $151.86
316,   Portable External SSD 1TB   ,Electronics > Laptops,TechCorp,Smart watch with heart rate monitor and GPS tracking.,65.82 USD
317,workstation laptop pro 16,Electronics > Computers > Laptops,BuildPC,Compact wireless earbuds with deep bass. <br>Waterproof!,595
318,   Over-Ear Noise Canceling Headphones   ,Electronics > Laptops,LogiTech,Ergonomic wireless optical mouse with quiet clicks.,883.39 USD
319,Ergonomic Wireless Mouse,Audio > Wireless > Earbuds,LogiTech,Ultra thin lightweight laptop for everyday office work.,1222
320,   Over-Ear Noise Canceling Headphones   ,,,Ultra thin lightweight laptop for everyday office work.,1217
321,   Gaming Desktop RTX 4070   ,,   Zenith   ,Compact wireless earbuds with deep bass. <br>Waterproof!,PRICE: $1501.25
322,gaming desktop rtx 4070,Audio > Headphones,   TechCorp   ,Affordable office laptop with long battery efficiency.,1320
323,usb-c multiport hub,Electronics > Laptops,techcorp,Powerful gaming desktop PC with liquid cooling.,
324,   USB-C Multiport Hub   ,Accessories > Mouse,Acoustics,Mechanical keyboard with tactile RGB switches.,
325,Portable External SSD 1TB,Accessories > Adapters & Hubs,   techcorp   ,Mechanical keyboard with tactile RGB switches.,Free
326,Workstation Laptop Pro 16,Accessories > Mouse,,Powerful gaming desktop PC with liquid cooling.,$348.89
327,mechanical rgb keyboard,Electronics > Computers > Laptops,   SoundX   ,Powerful gaming desktop PC with liquid cooling.,$1095.52
328,PORTABLE EXTERNAL SSD 1TB,Electronics > Laptops,LogiTech,<p>High performance <b>lightweight</b> laptop for productivity.</p>,1769
329,Budget Office Laptop 15,Electronics > Computers > Laptops,Apple,,PRICE: $167.21
330,UNKNOWN PRODUCT,Accessories > Adapters & Hubs,,Ultra thin lightweight laptop for everyday office work.,
331,UNKNOWN PRODUCT,Tech > Audio > Speakers,Clicky,<p>High performance <b>lightweight</b> laptop for productivity.</p>,
332,mechanical rgb keyboard,Audio > Headphones,LogiTech,Premium wireless over-ear headphones with active noise cancellation.,$1717.93
333,MECHANICAL RGB KEYBOARD,Electronics > Laptops,TechCorp,Ultra thin lightweight laptop for everyday office work.,
334,   Workstation Laptop Pro 16   ,Accessories > Adapters & Hubs,BuildPC,Powerful gaming desktop PC with liquid cooling.,Free
335,UNKNOWN PRODUCT,Tech > Audio > Speakers,Zenith,Professional studio monitor wired headphones for audio mixing.,₹125379.32
336,   Gaming Desktop RTX 4070   ,Audio > Headphones,Apple,<p>High performance <b>lightweight</b> laptop for productivity.</p>,$1488.03
337,   4K Ultra HD Monitor 27-inch   ,Wearables > Smartwatches,   Clicky   ,High performance workstation laptop built for video editing.,
338,   Studio Monitor Headphones   ,,techcorp,Smart watch with heart rate monitor and GPS tracking.,$1644.61
339,GAMING DESKTOP RTX 4070,ELECTRONICS > LAPTOPS,   SoundX   ,Powerful gaming desktop PC with liquid cooling.,"$1,006.31"
340,   Studio Monitor Headphones   ,Accessories > Adapters & Hubs,BuildPC,Powerful gaming desktop PC with liquid cooling.,"$1,949.56"
341,4K ULTRA HD MONITOR 27-INCH,Accessories > Keyboards,   LogiTech   ,Smart watch with heart rate monitor and GPS tracking.,1472
342,PORTABLE EXTERNAL SSD 1TB,,BuildPC,Ergonomic wireless optical mouse with quiet clicks.,"$1,169.05"
343,   Studio Monitor Headphones   ,Accessories > Mouse,,Mechanical keyboard with tactile RGB switches.,$1683.13
344,Smartwatch Series X,Audio > Headphones,,Affordable office laptop with long battery efficiency.,$795.37
345,workstation laptop pro 16,Electronics > Laptops,SoundX,Compact wireless earbuds with deep bass. <br>Waterproof!,$566.37
346,Bluetooth Party Speaker,Electronics > Laptops,techcorp,Affordable office laptop with long battery efficiency.,₹104882.67
347,slim ultrabook 14-inch,Electronics > Laptops,Acoustics,Compact wireless earbuds with deep bass. <br>Waterproof!,PRICE: $894.54
348,Smartwatch Series X,,   techcorp   ,Professional studio monitor wired headphones for audio mixing.,Free
349,Over-Ear Noise Canceling Headphones,Electronics > Desktops,,Ultra thin lightweight laptop for everyday office work.,338.59 USD
350,Portable External SSD 1TB,ELECTRONICS > LAPTOPS,techcorp,High performance workstation laptop built for video editing.,
351,UNKNOWN PRODUCT,Audio > Wireless > Earbuds,TechCorp,Mechanical keyboard with tactile RGB switches.,Free
352,over-ear noise canceling headphones,Wearables > Smartwatches,Apple,Powerful gaming desktop PC with liquid cooling.,1032.94 USD
353,air lite wireless earbuds,ELECTRONICS > LAPTOPS,LogiTech,Smart watch with heart rate monitor and GPS tracking.,1626.79 USD
354,usb-c multiport hub,Accessories > Adapters & Hubs,,Ultra thin lightweight laptop for everyday office work.,743
355,BUDGET OFFICE LAPTOP 15,,   SoundX   ,Affordable office laptop with long battery efficiency.,PRICE: $120.69
356,   Ergonomic Wireless Mouse   ,Wearables > Smartwatches,   Acoustics   ,Ergonomic wireless optical mouse with quiet clicks.,-842.93
357,OVER-EAR NOISE CANCELING HEADPHONES,Accessories > Mouse,   SoundX   ,High performance workstation laptop built for video editing.,₹80841.56
358,Workstation Laptop Pro 16,ELECTRONICS > LAPTOPS,,Mechanical keyboard with tactile RGB switches.,-788.42
359,budget office laptop 15,Wearables > Smartwatches,SoundX,Compact wireless earbuds with deep bass. <br>Waterproof!,PRICE: $311.87
360,MECHANICAL RGB KEYBOARD,,LogiTech,Ergonomic wireless optical mouse with quiet clicks.,-1304.85
361,BUDGET OFFICE LAPTOP 15,Audio > Headphones,   Zenith   ,Smart watch with heart rate monitor and GPS tracking.,1490.32 USD
362,Budget Office Laptop 15,Wearables > Smartwatches,techcorp,Powerful gaming desktop PC with liquid cooling.,1525.53 USD
363,smartwatch series x,Electronics > Desktops,,Mechanical keyboard with tactile RGB switches.,PRICE: $75.54
364,air lite wireless earbuds,Audio > Headphones,LogiTech,Affordable office laptop with long battery efficiency.,$613.59
365,   Smartwatch Series X   ,Accessories > Mouse,SoundX,Mechanical keyboard with tactile RGB switches.,Free
366,USB-C Multiport Hub,Electronics > Laptops,Zenith,Premium wireless over-ear headphones with active noise cancellation.,1296
367,PROBOOK ULTRA LAPTOP 15-INCH,Accessories > Adapters & Hubs,Zenith,Powerful gaming desktop PC with liquid cooling.,1526
368,Gaming Desktop RTX 4070,Accessories > Adapters & Hubs,LogiTech,Premium wireless over-ear headphones with active noise cancellation.,Free
369,slim ultrabook 14-inch,Audio > Wireless > Earbuds,   BuildPC   ,Professional studio monitor wired headphones for audio mixing.,₹67028.20
370,Ergonomic Wireless Mouse,Accessories > Adapters & Hubs,Apple,Mechanical keyboard with tactile RGB switches.,318.90 USD
371,portable external ssd 1tb,Electronics > Laptops,SoundX,Premium wireless over-ear headphones with active noise cancellation.,$574.11
372,budget office laptop 15,Accessories > Adapters & Hubs,Acoustics,Affordable office laptop with long battery efficiency.,
373,probook ultra laptop 15-inch,,techcorp,Affordable office laptop with long battery efficiency.,530.61 USD
374,Bluetooth Party Speaker,Tech > Audio > Speakers,   SoundX   ,Ergonomic wireless optical mouse with quiet clicks.,$1812.51
375,   Workstation Laptop Pro 16   ,Accessories > Adapters & Hubs,   BuildPC   ,Smart watch with heart rate monitor and GPS tracking.,$995.48
376,   Workstation Laptop Pro 16   ,,SoundX,Affordable office laptop with long battery efficiency.,357.96 USD
377,mechanical rgb keyboard,Audio > Headphones,SoundX,High performance workstation laptop built for video editing.,PRICE: $1116.75
378,   Studio Monitor Headphones   ,,Acoustics,Mechanical keyboard with tactile RGB switches.,PRICE: $758.25
379,   Slim Ultrabook 14-inch   ,ELECTRONICS > LAPTOPS,BuildPC,Ultra thin lightweight laptop for everyday office work.,$530.45
380,   Portable External SSD 1TB   ,Wearables > Smartwatches,Clicky,High performance workstation laptop built for video editing.,1588
381,UNKNOWN PRODUCT,Audio > Wireless > Earbuds,BuildPC,Premium wireless over-ear headphones with active noise cancellation.,₹97405.04
382,smartwatch series x,Audio > Wireless > Earbuds,   Clicky   ,Powerful gaming desktop PC with liquid cooling.,-124.00
383,AIR LITE WIRELESS EARBUDS,Electronics > Computers > Laptops,   Apple   ,Premium wireless over-ear headphones with active noise cancellation.,
384,   Bluetooth Party Speaker   ,Accessories > Mouse,SoundX,Affordable office laptop with long battery efficiency.,₹59335.76
385,Smartwatch Series X,Accessories > Keyboards,Clicky,Powerful gaming desktop PC with liquid cooling.,"$1,331.98"
386,   Over-Ear Noise Canceling Headphones   ,Tech > Audio > Speakers,SoundX,Smart watch with heart rate monitor and GPS tracking.,$353.90
387,   Slim Ultrabook 14-inch   ,Electronics > Laptops,Apple,High performance workstation laptop built for video editing.,
388,Studio Monitor Headphones,Electronics > Computers > Laptops,   Apple   ,Compact wireless earbuds with deep bass. <br>Waterproof!,$378.08
389,WORKSTATION LAPTOP PRO 16,Accessories > Keyboards,Clicky,Ultra thin lightweight laptop for everyday office work.,₹22313.36
390,WORKSTATION LAPTOP PRO 16,Wearables > Smartwatches,Apple,High performance workstation laptop built for video editing.,Free
391,PORTABLE EXTERNAL SSD 1TB,Electronics > Laptops,SoundX,Premium wireless over-ear headphones with active noise cancellation.,Free
392,   Ergonomic Wireless Mouse   ,Accessories > Adapters & Hubs,LogiTech,Smart watch with heart rate monitor and GPS tracking.,
393,Slim Ultrabook 14-inch,Wearables > Smartwatches,,Compact wireless earbuds with deep bass. <br>Waterproof!,$161.39
394,   Smartwatch Series X   ,Electronics > Laptops,   SoundX   ,<p>High performance <b>lightweight</b> laptop for productivity.</p>,679
395,USB-C Multiport Hub,Accessories > Keyboards,Apple,,₹29419.65
396,USB-C Multiport Hub,ELECTRONICS > LAPTOPS,Acoustics,Powerful gaming desktop PC with liquid cooling.,$288.27
397,portable external ssd 1tb,ELECTRONICS > LAPTOPS,Clicky,Ultra thin lightweight laptop for everyday office work.,1013
398,4K Ultra HD Monitor 27-inch,Tech > Audio > Speakers,TechCorp,Mechanical keyboard with tactile RGB switches.,Free
399,MECHANICAL RGB KEYBOARD,Electronics > Computers > Laptops,Acoustics,Compact wireless earbuds with deep bass. <br>Waterproof!,Free
400,Slim Ultrabook 14-inch,Wearables > Smartwatches,Clicky,Smart watch with heart rate monitor and GPS tracking.,-1484.40
401,gaming desktop rtx 4070,Electronics > Computers > Laptops,   SoundX   ,Compact wireless earbuds with deep bass. <br>Waterproof!,-1528.83
402,STUDIO MONITOR HEADPHONES,Tech > Audio > Speakers,Zenith,Ergonomic wireless optical mouse with quiet clicks.,
403,ergonomic wireless mouse,Audio > Headphones,Clicky,Ergonomic wireless optical mouse with quiet clicks.,₹7556.99
404,UNKNOWN PRODUCT,Electronics > Desktops,Zenith,Premium wireless over-ear headphones with active noise cancellation.,$1761.28
405,GAMING DESKTOP RTX 4070,Electronics > Desktops,   Apple   ,Mechanical keyboard with tactile RGB switches.,Free
406,   Gaming Desktop RTX 4070   ,Tech > Audio > Speakers,   Clicky   ,Ultra thin lightweight laptop for everyday office work.,419.48 USD
407,   4K Ultra HD Monitor 27-inch   ,Tech > Audio > Speakers,Acoustics,Compact wireless earbuds with deep bass. <br>Waterproof!,
408,   Ergonomic Wireless Mouse   ,Audio > Wireless > Earbuds,SoundX,Mechanical keyboard with tactile RGB switches.,204
409,ERGONOMIC WIRELESS MOUSE,Audio > Headphones,SoundX,Premium wireless over-ear headphones with active noise cancellation.,"$1,544.10"
410,   Mechanical RGB Keyboard   ,Accessories > Adapters & Hubs,,Compact wireless earbuds with deep bass. <br>Waterproof!,
411,   USB-C Multiport Hub   ,ELECTRONICS > LAPTOPS,,Ergonomic wireless optical mouse with quiet clicks.,$1005.08
412,BLUETOOTH PARTY SPEAKER,Electronics > Laptops,   techcorp   ,Smart watch with heart rate monitor and GPS tracking.,PRICE: $500.84
413,Studio Monitor Headphones,Wearables > Smartwatches,,<p>High performance <b>lightweight</b> laptop for productivity.</p>,Free
414,air lite wireless earbuds,Accessories > Keyboards,Apple,Smart watch with heart rate monitor and GPS tracking.,-1508.19
415,Air Lite Wireless Earbuds,Electronics > Computers > Laptops,,<p>High performance <b>lightweight</b> laptop for productivity.</p>,1539
416,4K Ultra HD Monitor 27-inch,Accessories > Adapters & Hubs,,Compact wireless earbuds with deep bass. <br>Waterproof!,Free
417,UNKNOWN PRODUCT,Electronics > Desktops,BuildPC,High performance workstation laptop built for video editing.,819
418,AIR LITE WIRELESS EARBUDS,Audio > Wireless > Earbuds,,Mechanical keyboard with tactile RGB switches.,"$1,090.34"
419,   ProBook Ultra Laptop 15-inch   ,Accessories > Keyboards,SoundX,Smart watch with heart rate monitor and GPS tracking.,1966.20 USD
420,OVER-EAR NOISE CANCELING HEADPHONES,Electronics > Desktops,LogiTech,<p>High performance <b>lightweight</b> laptop for productivity.</p>,
421,PROBOOK ULTRA LAPTOP 15-INCH,Electronics > Laptops,   Clicky   ,Premium wireless over-ear headphones with active noise cancellation.,
422,Budget Office Laptop 15,Electronics > Computers > Laptops,Acoustics,Affordable office laptop with long battery efficiency.,$276.05
423,USB-C Multiport Hub,Audio > Wireless > Earbuds,SoundX,Ergonomic wireless optical mouse with quiet clicks.,1633.01 USD
424,   Portable External SSD 1TB   ,Wearables > Smartwatches,Zenith,Smart watch with heart rate monitor and GPS tracking.,$37.62
425,   Bluetooth Party Speaker   ,Tech > Audio > Speakers,,Affordable office laptop with long battery efficiency.,1332.74 USD
426,   Over-Ear Noise Canceling Headphones   ,Wearables > Smartwatches,TechCorp,Professional studio monitor wired headphones for audio mixing.,-83.97
427,Over-Ear Noise Canceling Headphones,ELECTRONICS > LAPTOPS,,Smart watch with heart rate monitor and GPS tracking.,$711.06
428,OVER-EAR NOISE CANCELING HEADPHONES,ELECTRONICS > LAPTOPS,,Smart watch with heart rate monitor and GPS tracking.,"$1,096.35"
429,ProBook Ultra Laptop 15-inch,,LogiTech,Ultra thin lightweight laptop for everyday office work.,₹28628.47
430,usb-c multiport hub,Accessories > Adapters & Hubs,Zenith,Powerful gaming desktop PC with liquid cooling.,PRICE: $817.64
431,4K Ultra HD Monitor 27-inch,Accessories > Mouse,SoundX,Smart watch with heart rate monitor and GPS tracking.,1622.41 USD
432,Over-Ear Noise Canceling Headphones,Accessories > Mouse,Apple,Ergonomic wireless optical mouse with quiet clicks.,$479.17
433,Workstation Laptop Pro 16,Accessories > Adapters & Hubs,   Acoustics   ,Mechanical keyboard with tactile RGB switches.,Free
434,Smartwatch Series X,Audio > Wireless > Earbuds,,<p>High performance <b>lightweight</b> laptop for productivity.</p>,$193.29
435,Budget Office Laptop 15,Accessories > Mouse,Clicky,Premium wireless over-ear headphones with active noise cancellation.,Free
436,   Over-Ear Noise Canceling Headphones   ,Electronics > Computers > Laptops,   SoundX   ,Ultra thin lightweight laptop for everyday office work.,-636.92
437,Air Lite Wireless Earbuds,Accessories > Mouse,   techcorp   ,Mechanical keyboard with tactile RGB switches.,-858.69
438,   Budget Office Laptop 15   ,Audio > Wireless > Earbuds,BuildPC,High performance workstation laptop built for video editing.,Free
439,SMARTWATCH SERIES X,Electronics > Computers > Laptops,Zenith,Powerful gaming desktop PC with liquid cooling.,-1809.67
440,Budget Office Laptop 15,Electronics > Desktops,,Ultra thin lightweight laptop for everyday office work.,$1319.66
441,AIR LITE WIRELESS EARBUDS,Wearables > Smartwatches,Acoustics,Premium wireless over-ear headphones with active noise cancellation.,$938.23
442,ProBook Ultra Laptop 15-inch,Accessories > Adapters & Hubs,Clicky,Affordable office laptop with long battery efficiency.,208
443,air lite wireless earbuds,Accessories > Adapters & Hubs,SoundX,Ultra thin lightweight laptop for everyday office work.,
444,air lite wireless earbuds,Audio > Headphones,Apple,<p>High performance <b>lightweight</b> laptop for productivity.</p>,1042
445,AIR LITE WIRELESS EARBUDS,Audio > Headphones,BuildPC,Mechanical keyboard with tactile RGB switches.,1867.11 USD
446,BLUETOOTH PARTY SPEAKER,Audio > Wireless > Earbuds,   SoundX   ,Affordable office laptop with long battery efficiency.,-1307.04
447,UNKNOWN PRODUCT,Electronics > Computers > Laptops,Acoustics,Compact wireless earbuds with deep bass. <br>Waterproof!,"$1,863.70"
448,Bluetooth Party Speaker,Wearables > Smartwatches,BuildPC,Powerful gaming desktop PC with liquid cooling.,1811
449,   ProBook Ultra Laptop 15-inch   ,Audio > Wireless > Earbuds,TechCorp,Mechanical keyboard with tactile RGB switches.,"$1,428.00"
450,Smartwatch Series X,Accessories > Mouse,TechCorp,Professional studio monitor wired headphones for audio mixing.,$803.31
451,PROBOOK ULTRA LAPTOP 15-INCH,Electronics > Computers > Laptops,Zenith,Professional studio monitor wired headphones for audio mixing.,Free
452,   Studio Monitor Headphones   ,Electronics > Desktops,SoundX,High performance workstation laptop built for video editing.,$322.62
453,MECHANICAL RGB KEYBOARD,Electronics > Laptops,TechCorp,Smart watch with heart rate monitor and GPS tracking.,1570
454,ERGONOMIC WIRELESS MOUSE,Wearables > Smartwatches,LogiTech,<p>High performance <b>lightweight</b> laptop for productivity.</p>,$1293.93
455,   Air Lite Wireless Earbuds   ,Electronics > Laptops,,High performance workstation laptop built for video editing.,PRICE: $239.12
456,USB-C Multiport Hub,Accessories > Keyboards,Acoustics,Professional studio monitor wired headphones for audio mixing.,$251.41
457,Workstation Laptop Pro 16,,Apple,<p>High performance <b>lightweight</b> laptop for productivity.</p>,
458,Gaming Desktop RTX 4070,Electronics > Computers > Laptops,SoundX,,Free
459,4k ultra hd monitor 27-inch,ELECTRONICS > LAPTOPS,,High performance workstation laptop built for video editing.,₹131938.29
460,mechanical rgb keyboard,Tech > Audio > Speakers,   Acoustics   ,Powerful gaming desktop PC with liquid cooling.,Free
461,   Smartwatch Series X   ,Accessories > Mouse,,Ultra thin lightweight laptop for everyday office work.,-767.88
462,UNKNOWN PRODUCT,Tech > Audio > Speakers,TechCorp,Professional studio monitor wired headphones for audio mixing.,
463,mechanical rgb keyboard,Wearables > Smartwatches,,<p>High performance <b>lightweight</b> laptop for productivity.</p>,1746
464,Ergonomic Wireless Mouse,Electronics > Laptops,techcorp,<p>High performance <b>lightweight</b> laptop for productivity.</p>,-577.09
465,bluetooth party speaker,Wearables > Smartwatches,BuildPC,Compact wireless earbuds with deep bass. <br>Waterproof!,
466,over-ear noise canceling headphones,,,Ultra thin lightweight laptop for everyday office work.,PRICE: $116.33
467,slim ultrabook 14-inch,ELECTRONICS > LAPTOPS,,Ergonomic wireless optical mouse with quiet clicks.,$835.82
468,Air Lite Wireless Earbuds,,Clicky,Professional studio monitor wired headphones for audio mixing.,
469,4K Ultra HD Monitor 27-inch,Audio > Headphones,Clicky,Affordable office laptop with long battery efficiency.,$720.63
470,ergonomic wireless mouse,,techcorp,Powerful gaming desktop PC with liquid cooling.,
471,Portable External SSD 1TB,Accessories > Mouse,Clicky,Professional studio monitor wired headphones for audio mixing.,PRICE: $1093.50
472,Bluetooth Party Speaker,Audio > Wireless > Earbuds,Clicky,Ergonomic wireless optical mouse with quiet clicks.,709.63 USD
473,ProBook Ultra Laptop 15-inch,Audio > Headphones,,<p>High performance <b>lightweight</b> laptop for productivity.</p>,1514.01 USD
474,slim ultrabook 14-inch,Tech > Audio > Speakers,LogiTech,Powerful gaming desktop PC with liquid cooling.,Free
475,mechanical rgb keyboard,Audio > Headphones,,Affordable office laptop with long battery efficiency.,$88.92
476,Workstation Laptop Pro 16,Electronics > Laptops,techcorp,Ultra thin lightweight laptop for everyday office work.,112.07 USD
477,Bluetooth Party Speaker,,BuildPC,Premium wireless over-ear headphones with active noise cancellation.,PRICE: $1673.05
478,USB-C MULTIPORT HUB,Accessories > Adapters & Hubs,   Acoustics   ,Ultra thin lightweight laptop for everyday office work.,
479,UNKNOWN PRODUCT,Accessories > Adapters & Hubs,LogiTech,Affordable office laptop with long battery efficiency.,-1070.50
480,   Over-Ear Noise Canceling Headphones   ,Audio > Headphones,Zenith,Premium wireless over-ear headphones with active noise cancellation.,PRICE: $1912.10
481,Bluetooth Party Speaker,Accessories > Keyboards,SoundX,Compact wireless earbuds with deep bass. <br>Waterproof!,"$1,602.76"
482,Slim Ultrabook 14-inch,ELECTRONICS > LAPTOPS,Clicky,Affordable office laptop with long battery efficiency.,
483,slim ultrabook 14-inch,Tech > Audio > Speakers,SoundX,Ergonomic wireless optical mouse with quiet clicks.,PRICE: $1238.99
484,Studio Monitor Headphones,Electronics > Desktops,LogiTech,Ergonomic wireless optical mouse with quiet clicks.,Free
485,UNKNOWN PRODUCT,Electronics > Computers > Laptops,   SoundX   ,Compact wireless earbuds with deep bass. <br>Waterproof!,Free
486,gaming desktop rtx 4070,Electronics > Desktops,,Compact wireless earbuds with deep bass. <br>Waterproof!,-203.70
487,   Ergonomic Wireless Mouse   ,Tech > Audio > Speakers,Apple,Affordable office laptop with long battery efficiency.,
488,air lite wireless earbuds,Electronics > Desktops,   LogiTech   ,Affordable office laptop with long battery efficiency.,
489,   Air Lite Wireless Earbuds   ,Accessories > Adapters & Hubs,   SoundX   ,Ultra thin lightweight laptop for everyday office work.,1247
490,SLIM ULTRABOOK 14-INCH,Wearables > Smartwatches,BuildPC,Ultra thin lightweight laptop for everyday office work.,PRICE: $1228.76
491,Smartwatch Series X,Wearables > Smartwatches,Zenith,Ergonomic wireless optical mouse with quiet clicks.,"$1,747.32"
492,mechanical rgb keyboard,Wearables > Smartwatches,TechCorp,Ergonomic wireless optical mouse with quiet clicks.,-371.62
493,Smartwatch Series X,Audio > Wireless > Earbuds,Zenith,Ultra thin lightweight laptop for everyday office work.,₹99323.24
494,Portable External SSD 1TB,Audio > Headphones,,Ultra thin lightweight laptop for everyday office work.,300
495,Mechanical RGB Keyboard,Wearables > Smartwatches,Acoustics,<p>High performance <b>lightweight</b> laptop for productivity.</p>,$310.84
496,Studio Monitor Headphones,Tech > Audio > Speakers,LogiTech,Mechanical keyboard with tactile RGB switches.,1603.81 USD
497,   Ergonomic Wireless Mouse   ,Audio > Headphones,   SoundX   ,Premium wireless over-ear headphones with active noise cancellation.,-290.27
498,AIR LITE WIRELESS EARBUDS,Audio > Wireless > Earbuds,SoundX,Compact wireless earbuds with deep bass. <br>Waterproof!,$1681.88
499,gaming desktop rtx 4070,Accessories > Adapters & Hubs,Zenith,Premium wireless over-ear headphones with active noise cancellation.,Free
500,Smartwatch Series X,Accessories > Keyboards,,Ergonomic wireless optical mouse with quiet clicks.,PRICE: $26.43
501,AIR LITE WIRELESS EARBUDS,Accessories > Adapters & Hubs,SoundX,Ultra thin lightweight laptop for everyday office work.,$877.39
502,ProBook Ultra Laptop 15-inch,ELECTRONICS > LAPTOPS,techcorp,Ergonomic wireless optical mouse with quiet clicks.,PRICE: $1348.83
503,ergonomic wireless mouse,Accessories > Adapters & Hubs,Zenith,Smart watch with heart rate monitor and GPS tracking.,1381.49 USD
504,SMARTWATCH SERIES X,ELECTRONICS > LAPTOPS,,,1968.19 USD
505,USB-C MULTIPORT HUB,Accessories > Keyboards,SoundX,Affordable office laptop with long battery efficiency.,$956.63
506,Ergonomic Wireless Mouse,Tech > Audio > Speakers,SoundX,Professional studio monitor wired headphones for audio mixing.,"$1,823.21"
507,4K Ultra HD Monitor 27-inch,Accessories > Mouse,   Apple   ,<p>High performance <b>lightweight</b> laptop for productivity.</p>,$502.47
508,   Slim Ultrabook 14-inch   ,Electronics > Desktops,   BuildPC   ,Premium wireless over-ear headphones with active noise cancellation.,-1185.88
509,   ProBook Ultra Laptop 15-inch   ,Audio > Wireless > Earbuds,SoundX,Ultra thin lightweight laptop for everyday office work.,1379.80 USD
510,Smartwatch Series X,Electronics > Computers > Laptops,SoundX,Ergonomic wireless optical mouse with quiet clicks.,
511,   Gaming Desktop RTX 4070   ,ELECTRONICS > LAPTOPS,Zenith,Mechanical keyboard with tactile RGB switches.,Free
512,air lite wireless earbuds,Audio > Headphones,LogiTech,Premium wireless over-ear headphones with active noise cancellation.,Free
513,   Gaming Desktop RTX 4070   ,Audio > Wireless > Earbuds,BuildPC,Ergonomic wireless optical mouse with quiet clicks.,"$1,620.53"
514,   4K Ultra HD Monitor 27-inch   ,Tech > Audio > Speakers,Apple,High performance workstation laptop built for video editing.,"$1,944.05"
515,ERGONOMIC WIRELESS MOUSE,Wearables > Smartwatches,Apple,<p>High performance <b>lightweight</b> laptop for productivity.</p>,Free
516,   Air Lite Wireless Earbuds   ,Accessories > Keyboards,Acoustics,Professional studio monitor wired headphones for audio mixing.,₹113610.09
517,portable external ssd 1tb,Tech > Audio > Speakers,Zenith,Ergonomic wireless optical mouse with quiet clicks.,987.63 USD
518,UNKNOWN PRODUCT,ELECTRONICS > LAPTOPS,   techcorp   ,Mechanical keyboard with tactile RGB switches.,PRICE: $1415.18
519,Over-Ear Noise Canceling Headphones,ELECTRONICS > LAPTOPS,techcorp,Smart watch with heart rate monitor and GPS tracking.,-1306.76
520,   Gaming Desktop RTX 4070   ,,   techcorp   ,Professional studio monitor wired headphones for audio mixing.,1665
521,studio monitor headphones,ELECTRONICS > LAPTOPS,BuildPC,<p>High performance <b>lightweight</b> laptop for productivity.</p>,
522,workstation laptop pro 16,Accessories > Keyboards,Acoustics,<p>High performance <b>lightweight</b> laptop for productivity.</p>,"$1,809.20"
523,Portable External SSD 1TB,Electronics > Laptops,,Powerful gaming desktop PC with liquid cooling.,"$1,420.20"
524,Air Lite Wireless Earbuds,Accessories > Keyboards,Clicky,Professional studio monitor wired headphones for audio mixing.,$814.75
525,   Slim Ultrabook 14-inch   ,Accessories > Keyboards,BuildPC,Professional studio monitor wired headphones for audio mixing.,Free
526,   Bluetooth Party Speaker   ,Electronics > Computers > Laptops,   SoundX   ,Ergonomic wireless optical mouse with quiet clicks.,"$1,096.13"
527,workstation laptop pro 16,Audio > Wireless > Earbuds,Zenith,Ergonomic wireless optical mouse with quiet clicks.,
528,ProBook Ultra Laptop 15-inch,Electronics > Laptops,,Compact wireless earbuds with deep bass. <br>Waterproof!,$426.88
529,PROBOOK ULTRA LAPTOP 15-INCH,Accessories > Mouse,techcorp,Smart watch with heart rate monitor and GPS tracking.,PRICE: $857.38
530,   Smartwatch Series X   ,Electronics > Desktops,   Acoustics   ,Professional studio monitor wired headphones for audio mixing.,Free
531,PORTABLE EXTERNAL SSD 1TB,ELECTRONICS > LAPTOPS,LogiTech,Powerful gaming desktop PC with liquid cooling.,₹2763.86
532,UNKNOWN PRODUCT,Audio > Wireless > Earbuds,   Acoustics   ,Professional studio monitor wired headphones for audio mixing.,$586.29
533,   Over-Ear Noise Canceling Headphones   ,Electronics > Desktops,SoundX,Ultra thin lightweight laptop for everyday office work.,$1950.45
534,smartwatch series x,Accessories > Adapters & Hubs,BuildPC,Ultra thin lightweight laptop for everyday office work.,Free
535,SMARTWATCH SERIES X,Electronics > Laptops,TechCorp,<p>High performance <b>lightweight</b> laptop for productivity.</p>,858.92 USD
536,SLIM ULTRABOOK 14-INCH,Tech > Audio > Speakers,,,Free
537,UNKNOWN PRODUCT,Audio > Headphones,TechCorp,Premium wireless over-ear headphones with active noise cancellation.,$1361.67
538,4k ultra hd monitor 27-inch,Accessories > Mouse,Acoustics,Powerful gaming desktop PC with liquid cooling.,-1943.93
539,Gaming Desktop RTX 4070,Electronics > Desktops,   TechCorp   ,Premium wireless over-ear headphones with active noise cancellation.,188
540,   Mechanical RGB Keyboard   ,ELECTRONICS > LAPTOPS,Clicky,Affordable office laptop with long battery efficiency.,1765.69 USD
541,STUDIO MONITOR HEADPHONES,,SoundX,Powerful gaming desktop PC with liquid cooling.,1790.65 USD
542,UNKNOWN PRODUCT,Electronics > Computers > Laptops,SoundX,Premium wireless over-ear headphones with active noise cancellation.,1339.98 USD
543,Over-Ear Noise Canceling Headphones,Audio > Headphones,techcorp,<p>High performance <b>lightweight</b> laptop for productivity.</p>,Free
544,   Portable External SSD 1TB   ,Wearables > Smartwatches,Acoustics,Powerful gaming desktop PC with liquid cooling.,-1437.77
545,studio monitor headphones,Accessories > Adapters & Hubs,,Mechanical keyboard with tactile RGB switches.,"$1,215.35"
546,Mechanical RGB Keyboard,,BuildPC,<p>High performance <b>lightweight</b> laptop for productivity.</p>,917
547,Portable External SSD 1TB,ELECTRONICS > LAPTOPS,   Zenith   ,Compact wireless earbuds with deep bass. <br>Waterproof!,$956.51
548,slim ultrabook 14-inch,Audio > Wireless > Earbuds,SoundX,Ergonomic wireless optical mouse with quiet clicks.,-1318.82
549,Portable External SSD 1TB,Electronics > Laptops,   Acoustics   ,Powerful gaming desktop PC with liquid cooling.,₹17947.12
550,portable external ssd 1tb,,BuildPC,High performance workstation laptop built for video editing.,$1152.48
551,USB-C MULTIPORT HUB,Tech > Audio > Speakers,   Apple   ,,$724.20
552,Mechanical RGB Keyboard,Wearables > Smartwatches,Zenith,Premium wireless over-ear headphones with active noise cancellation.,₹96704.96
553,Slim Ultrabook 14-inch,Accessories > Adapters & Hubs,TechCorp,Powerful gaming desktop PC with liquid cooling.,Free
554,   Workstation Laptop Pro 16   ,Electronics > Desktops,Acoustics,Mechanical keyboard with tactile RGB switches.,1736
555,UNKNOWN PRODUCT,Electronics > Computers > Laptops,Zenith,<p>High performance <b>lightweight</b> laptop for productivity.</p>,"$1,531.62"
556,WORKSTATION LAPTOP PRO 16,Electronics > Desktops,BuildPC,High performance workstation laptop built for video editing.,763
557,gaming desktop rtx 4070,Electronics > Computers > Laptops,Acoustics,Affordable office laptop with long battery efficiency.,Free
558,Gaming Desktop RTX 4070,Electronics > Desktops,Clicky,Affordable office laptop with long battery efficiency.,
559,ergonomic wireless mouse,Tech > Audio > Speakers,techcorp,Mechanical keyboard with tactile RGB switches.,PRICE: $1470.16
560,SLIM ULTRABOOK 14-INCH,Electronics > Desktops,   SoundX   ,Smart watch with heart rate monitor and GPS tracking.,PRICE: $970.11
561,Portable External SSD 1TB,Accessories > Adapters & Hubs,Clicky,Powerful gaming desktop PC with liquid cooling.,₹81744.19
562,4K ULTRA HD MONITOR 27-INCH,Electronics > Computers > Laptops,SoundX,Compact wireless earbuds with deep bass. <br>Waterproof!,26
563,Studio Monitor Headphones,,Apple,Professional studio monitor wired headphones for audio mixing.,$542.80
564,studio monitor headphones,Audio > Wireless > Earbuds,,High performance workstation laptop built for video editing.,PRICE: $675.17
565,ergonomic wireless mouse,,techcorp,Smart watch with heart rate monitor and GPS tracking.,PRICE: $617.69
566,ERGONOMIC WIRELESS MOUSE,Wearables > Smartwatches,LogiTech,Ergonomic wireless optical mouse with quiet clicks.,PRICE: $173.42
567,   Mechanical RGB Keyboard   ,Electronics > Computers > Laptops,,Compact wireless earbuds with deep bass. <br>Waterproof!,$1161.03
568,SMARTWATCH SERIES X,Electronics > Computers > Laptops,SoundX,Compact wireless earbuds with deep bass. <br>Waterproof!,Free
569,AIR LITE WIRELESS EARBUDS,Audio > Headphones,BuildPC,Mechanical keyboard with tactile RGB switches.,1867.11 USD
570,OVER-EAR NOISE CANCELING HEADPHONES,Tech > Audio > Speakers,Zenith,Powerful gaming desktop PC with liquid cooling.,₹18909.01
571,   Budget Office Laptop 15   ,Electronics > Laptops,Zenith,Powerful gaming desktop PC with liquid cooling.,1990.82 USD
572,air lite wireless earbuds,Audio > Headphones,SoundX,Compact wireless earbuds with deep bass. <br>Waterproof!,1428
573,ProBook Ultra Laptop 15-inch,Audio > Wireless > Earbuds,BuildPC,<p>High performance <b>lightweight</b> laptop for productivity.</p>,43
574,SMARTWATCH SERIES X,Electronics > Desktops,,Smart watch with heart rate monitor and GPS tracking.,Free
575,probook ultra laptop 15-inch,Accessories > Adapters & Hubs,   SoundX   ,Premium wireless over-ear headphones with active noise cancellation.,"$1,076.71"
576,Studio Monitor Headphones,Electronics > Desktops,Clicky,Premium wireless over-ear headphones with active noise cancellation.,PRICE: $537.07
577,Air Lite Wireless Earbuds,Electronics > Desktops,,Ultra thin lightweight laptop for everyday office work.,104.18 USD
578,portable external ssd 1tb,Accessories > Keyboards,Acoustics,Ultra thin lightweight laptop for everyday office work.,₹2804.65
579,Smartwatch Series X,Accessories > Mouse,TechCorp,Compact wireless earbuds with deep bass. <br>Waterproof!,$596.72
580,STUDIO MONITOR HEADPHONES,,   Apple   ,High performance workstation laptop built for video editing.,PRICE: $1539.35
581,Slim Ultrabook 14-inch,Electronics > Desktops,Clicky,High performance workstation laptop built for video editing.,561.82 USD
582,   Bluetooth Party Speaker   ,ELECTRONICS > LAPTOPS,Zenith,Smart watch with heart rate monitor and GPS tracking.,-31.96
583,USB-C Multiport Hub,Audio > Headphones,TechCorp,Ultra thin lightweight laptop for everyday office work.,-1453.88
584,Ergonomic Wireless Mouse,Wearables > Smartwatches,Clicky,High performance workstation laptop built for video editing.,Free
585,budget office laptop 15,Audio > Headphones,,Compact wireless earbuds with deep bass. <br>Waterproof!,Free
586,over-ear noise canceling headphones,ELECTRONICS > LAPTOPS,Apple,Premium wireless over-ear headphones with active noise cancellation.,
587,ProBook Ultra Laptop 15-inch,Accessories > Mouse,SoundX,Compact wireless earbuds with deep bass. <br>Waterproof!,₹80787.20
588,   Ergonomic Wireless Mouse   ,Audio > Wireless > Earbuds,LogiTech,Premium wireless over-ear headphones with active noise cancellation.,₹108882.58
589,PORTABLE EXTERNAL SSD 1TB,Accessories > Mouse,BuildPC,<p>High performance <b>lightweight</b> laptop for productivity.</p>,$1693.65
590,Workstation Laptop Pro 16,,SoundX,Powerful gaming desktop PC with liquid cooling.,Free
591,Portable External SSD 1TB,Wearables > Smartwatches,,Mechanical keyboard with tactile RGB switches.,1605.17 USD
592,OVER-EAR NOISE CANCELING HEADPHONES,Audio > Headphones,   LogiTech   ,Professional studio monitor wired headphones for audio mixing.,$491.67
593,Smartwatch Series X,Electronics > Desktops,LogiTech,Premium wireless over-ear headphones with active noise cancellation.,1854.68 USD
594,ergonomic wireless mouse,,techcorp,Ergonomic wireless optical mouse with quiet clicks.,$1644.44
595,   Portable External SSD 1TB   ,ELECTRONICS > LAPTOPS,BuildPC,Professional studio monitor wired headphones for audio mixing.,Free
596,Slim Ultrabook 14-inch,ELECTRONICS > LAPTOPS,SoundX,Powerful gaming desktop PC with liquid cooling.,$760.95
597,Air Lite Wireless Earbuds,Audio > Headphones,LogiTech,Affordable office laptop with long battery efficiency.,1517.11 USD
598,   Smartwatch Series X   ,Electronics > Desktops,Clicky,Powerful gaming desktop PC with liquid cooling.,PRICE: $1445.11
599,   Workstation Laptop Pro 16   ,Accessories > Adapters & Hubs,techcorp,Professional studio monitor wired headphones for audio mixing.,PRICE: $944.29
600,   Gaming Desktop RTX 4070   ,Accessories > Keyboards,   Apple   ,Smart watch with heart rate monitor and GPS tracking.,₹104044.19
601,UNKNOWN PRODUCT,Electronics > Computers > Laptops,   SoundX   ,<p>High performance <b>lightweight</b> laptop for productivity.</p>,495.86 USD
602,Mechanical RGB Keyboard,ELECTRONICS > LAPTOPS,   techcorp   ,Premium wireless over-ear headphones with active noise cancellation.,PRICE: $890.16
603,gaming desktop rtx 4070,Audio > Wireless > Earbuds,SoundX,Professional studio monitor wired headphones for audio mixing.,₹153254.88
604,4K ULTRA HD MONITOR 27-INCH,ELECTRONICS > LAPTOPS,LogiTech,Affordable office laptop with long battery efficiency.,"$1,734.39"
605,PROBOOK ULTRA LAPTOP 15-INCH,ELECTRONICS > LAPTOPS,Clicky,Professional studio monitor wired headphones for audio mixing.,$957.33
606,   Air Lite Wireless Earbuds   ,Electronics > Computers > Laptops,BuildPC,Premium wireless over-ear headphones with active noise cancellation.,
607,   Workstation Laptop Pro 16   ,Audio > Wireless > Earbuds,LogiTech,Professional studio monitor wired headphones for audio mixing.,$914.45
608,Mechanical RGB Keyboard,Accessories > Adapters & Hubs,SoundX,Ultra thin lightweight laptop for everyday office work.,1545
609,Studio Monitor Headphones,Electronics > Desktops,Apple,Affordable office laptop with long battery efficiency.,-1053.07
610,Workstation Laptop Pro 16,Accessories > Keyboards,,Smart watch with heart rate monitor and GPS tracking.,
611,4k ultra hd monitor 27-inch,Electronics > Laptops,,Affordable office laptop with long battery efficiency.,₹74479.35
612,   Mechanical RGB Keyboard   ,Audio > Headphones,SoundX,<p>High performance <b>lightweight</b> laptop for productivity.</p>,319.24 USD
613,studio monitor headphones,Audio > Wireless > Earbuds,   Zenith   ,Smart watch with heart rate monitor and GPS tracking.,$1862.78
614,BUDGET OFFICE LAPTOP 15,Accessories > Adapters & Hubs,Acoustics,Powerful gaming desktop PC with liquid cooling.,PRICE: $1310.04
615,Gaming Desktop RTX 4070,Electronics > Laptops,,Affordable office laptop with long battery efficiency.,1855.91 USD
616,UNKNOWN PRODUCT,Electronics > Desktops,   Acoustics   ,<p>High performance <b>lightweight</b> laptop for productivity.</p>,$1929.75
617,mechanical rgb keyboard,Electronics > Desktops,Clicky,Compact wireless earbuds with deep bass. <br>Waterproof!,-1379.91
618,Slim Ultrabook 14-inch,Electronics > Desktops,Apple,High performance workstation laptop built for video editing.,PRICE: $1566.94
619,   4K Ultra HD Monitor 27-inch   ,Electronics > Laptops,Apple,<p>High performance <b>lightweight</b> laptop for productivity.</p>,$847.19
620,ProBook Ultra Laptop 15-inch,Accessories > Keyboards,LogiTech,Professional studio monitor wired headphones for audio mixing.,₹23741.31
621,ProBook Ultra Laptop 15-inch,Audio > Headphones,LogiTech,Ultra thin lightweight laptop for everyday office work.,291
622,Workstation Laptop Pro 16,Wearables > Smartwatches,techcorp,Mechanical keyboard with tactile RGB switches.,-92.86
623,ergonomic wireless mouse,,techcorp,Professional studio monitor wired headphones for audio mixing.,₹36400.85
624,USB-C MULTIPORT HUB,Accessories > Mouse,,,1616.37 USD
625,over-ear noise canceling headphones,Audio > Wireless > Earbuds,   LogiTech   ,Compact wireless earbuds with deep bass. <br>Waterproof!,₹81393.48
626,Smartwatch Series X,Electronics > Computers > Laptops,   SoundX   ,Compact wireless earbuds with deep bass. <br>Waterproof!,
627,   Gaming Desktop RTX 4070   ,Tech > Audio > Speakers,,Ergonomic wireless optical mouse with quiet clicks.,-69.33
628,Over-Ear Noise Canceling Headphones,Tech > Audio > Speakers,   TechCorp   ,Ultra thin lightweight laptop for everyday office work.,₹126877.99
629,Smartwatch Series X,Accessories > Mouse,LogiTech,Ergonomic wireless optical mouse with quiet clicks.,-1796.47
630,Air Lite Wireless Earbuds,ELECTRONICS > LAPTOPS,TechCorp,Ergonomic wireless optical mouse with quiet clicks.,
631,gaming desktop rtx 4070,Audio > Wireless > Earbuds,   Clicky   ,Premium wireless over-ear headphones with active noise cancellation.,Free
632,Studio Monitor Headphones,Tech > Audio > Speakers,TechCorp,Affordable office laptop with long battery efficiency.,
633,   Smartwatch Series X   ,Electronics > Laptops,TechCorp,Premium wireless over-ear headphones with active noise cancellation.,PRICE: $1290.98
634,Bluetooth Party Speaker,Electronics > Desktops,Apple,<p>High performance <b>lightweight</b> laptop for productivity.</p>,$160.57
635,air lite wireless earbuds,Audio > Wireless > Earbuds,   techcorp   ,<p>High performance <b>lightweight</b> laptop for productivity.</p>,Free
636,gaming desktop rtx 4070,Tech > Audio > Speakers,TechCorp,Affordable office laptop with long battery efficiency.,"$1,893.20"
637,Studio Monitor Headphones,Electronics > Laptops,SoundX,Mechanical keyboard with tactile RGB switches.,423.45 USD
638,ProBook Ultra Laptop 15-inch,Electronics > Computers > Laptops,   TechCorp   ,<p>High performance <b>lightweight</b> laptop for productivity.</p>,
639,studio monitor headphones,Wearables > Smartwatches,techcorp,Premium wireless over-ear headphones with active noise cancellation.,PRICE: $1551.88
640,bluetooth party speaker,Accessories > Keyboards,   Zenith   ,<p>High performance <b>lightweight</b> laptop for productivity.</p>,-1957.46
641,UNKNOWN PRODUCT,,,High performance workstation laptop built for video editing.,1921.96 USD
642,USB-C Multiport Hub,Electronics > Laptops,BuildPC,Smart watch with heart rate monitor and GPS tracking.,-172.60
643,GAMING DESKTOP RTX 4070,Electronics > Laptops,LogiTech,Affordable office laptop with long battery efficiency.,Free
644,Budget Office Laptop 15,Accessories > Mouse,Clicky,Affordable office laptop with long battery efficiency.,-213.50
645,   USB-C Multiport Hub   ,Electronics > Desktops,   techcorp   ,Mechanical keyboard with tactile RGB switches.,Free
646,over-ear noise canceling headphones,Wearables > Smartwatches,Clicky,<p>High performance <b>lightweight</b> laptop for productivity.</p>,927.41 USD
647,   Gaming Desktop RTX 4070   ,Audio > Wireless > Earbuds,techcorp,Mechanical keyboard with tactile RGB switches.,1207
648,Ergonomic Wireless Mouse,Electronics > Laptops,techcorp,Mechanical keyboard with tactile RGB switches.,₹66928.27
649,Mechanical RGB Keyboard,Tech > Audio > Speakers,TechCorp,High performance workstation laptop built for video editing.,
650,slim ultrabook 14-inch,Electronics > Laptops,Acoustics,Compact wireless earbuds with deep bass. <br>Waterproof!,$243.85
651,Bluetooth Party Speaker,,   Clicky   ,Compact wireless earbuds with deep bass. <br>Waterproof!,Free
652,Slim Ultrabook 14-inch,Accessories > Adapters & Hubs,TechCorp,,
653,smartwatch series x,Electronics > Computers > Laptops,Zenith,Professional studio monitor wired headphones for audio mixing.,774
654,PORTABLE EXTERNAL SSD 1TB,Accessories > Keyboards,TechCorp,Ultra thin lightweight laptop for everyday office work.,231
655,   Gaming Desktop RTX 4070   ,Accessories > Keyboards,,Affordable office laptop with long battery efficiency.,256
656,   USB-C Multiport Hub   ,Audio > Headphones,SoundX,Ultra thin lightweight laptop for everyday office work.,"$1,353.14"
657,SMARTWATCH SERIES X,Accessories > Mouse,   Apple   ,Ergonomic wireless optical mouse with quiet clicks.,PRICE: $739.89
658,usb-c multiport hub,Audio > Headphones,SoundX,Affordable office laptop with long battery efficiency.,533.45 USD
659,Smartwatch Series X,Wearables > Smartwatches,SoundX,Mechanical keyboard with tactile RGB switches.,PRICE: $35.65
660,studio monitor headphones,Audio > Wireless > Earbuds,Acoustics,Mechanical keyboard with tactile RGB switches.,-341.74
661,studio monitor headphones,Audio > Headphones,Acoustics,Premium wireless over-ear headphones with active noise cancellation.,$308.82
662,Workstation Laptop Pro 16,Accessories > Adapters & Hubs,BuildPC,Ergonomic wireless optical mouse with quiet clicks.,Free
663,OVER-EAR NOISE CANCELING HEADPHONES,Audio > Wireless > Earbuds,,Mechanical keyboard with tactile RGB switches.,1257
664,   Mechanical RGB Keyboard   ,Electronics > Laptops,   Zenith   ,<p>High performance <b>lightweight</b> laptop for productivity.</p>,Free
665,workstation laptop pro 16,Accessories > Keyboards,Acoustics,<p>High performance <b>lightweight</b> laptop for productivity.</p>,Free
666,air lite wireless earbuds,,techcorp,Ergonomic wireless optical mouse with quiet clicks.,
667,bluetooth party speaker,,,Professional studio monitor wired headphones for audio mixing.,₹131493.45
668,Ergonomic Wireless Mouse,Audio > Headphones,Acoustics,Ergonomic wireless optical mouse with quiet clicks.,$416.35
669,Slim Ultrabook 14-inch,Accessories > Adapters & Hubs,Clicky,Professional studio monitor wired headphones for audio mixing.,-52.21
670,Mechanical RGB Keyboard,Wearables > Smartwatches,Apple,<p>High performance <b>lightweight</b> laptop for productivity.</p>,₹57404.17
671,   Over-Ear Noise Canceling Headphones   ,Electronics > Laptops,   techcorp   ,High performance workstation laptop built for video editing.,Free
672,Over-Ear Noise Canceling Headphones,Wearables > Smartwatches,Zenith,Compact wireless earbuds with deep bass. <br>Waterproof!,47.47 USD
673,   4K Ultra HD Monitor 27-inch   ,Electronics > Computers > Laptops,Clicky,Smart watch with heart rate monitor and GPS tracking.,PRICE: $1297.76
674,Budget Office Laptop 15,ELECTRONICS > LAPTOPS,TechCorp,Smart watch with heart rate monitor and GPS tracking.,-1052.47
675,GAMING DESKTOP RTX 4070,Accessories > Mouse,techcorp,Powerful gaming desktop PC with liquid cooling.,"$1,314.40"
676,SLIM ULTRABOOK 14-INCH,Electronics > Desktops,,Affordable office laptop with long battery efficiency.,-1180.34
677,smartwatch series x,Electronics > Computers > Laptops,SoundX,High performance workstation laptop built for video editing.,$1776.77
678,smartwatch series x,Accessories > Adapters & Hubs,,Affordable office laptop with long battery efficiency.,
679,workstation laptop pro 16,Accessories > Adapters & Hubs,SoundX,Compact wireless earbuds with deep bass. <br>Waterproof!,₹116311.19
680,Over-Ear Noise Canceling Headphones,ELECTRONICS > LAPTOPS,SoundX,Powerful gaming desktop PC with liquid cooling.,
681,Ergonomic Wireless Mouse,Accessories > Mouse,   SoundX   ,,1992
682,GAMING DESKTOP RTX 4070,ELECTRONICS > LAPTOPS,BuildPC,Premium wireless over-ear headphones with active noise cancellation.,Free
683,   Slim Ultrabook 14-inch   ,ELECTRONICS > LAPTOPS,,Premium wireless over-ear headphones with active noise cancellation.,
684,usb-c multiport hub,Accessories > Adapters & Hubs,   LogiTech   ,Premium wireless over-ear headphones with active noise cancellation.,PRICE: $77.33
685,over-ear noise canceling headphones,Electronics > Desktops,   LogiTech   ,High performance workstation laptop built for video editing.,"$1,307.29"
686,Studio Monitor Headphones,Accessories > Mouse,,Mechanical keyboard with tactile RGB switches.,$522.23
687,   Gaming Desktop RTX 4070   ,Accessories > Mouse,   Clicky   ,Powerful gaming desktop PC with liquid cooling.,584.57 USD
688,   USB-C Multiport Hub   ,Tech > Audio > Speakers,Apple,Mechanical keyboard with tactile RGB switches.,$906.01
689,workstation laptop pro 16,Audio > Headphones,   BuildPC   ,Affordable office laptop with long battery efficiency.,"$1,536.79"
690,Slim Ultrabook 14-inch,Accessories > Keyboards,Acoustics,,PRICE: $1122.20
691,   4K Ultra HD Monitor 27-inch   ,,,High performance workstation laptop built for video editing.,-749.49
692,4K Ultra HD Monitor 27-inch,Accessories > Mouse,,Smart watch with heart rate monitor and GPS tracking.,"$1,887.29"
693,workstation laptop pro 16,Wearables > Smartwatches,   SoundX   ,Professional studio monitor wired headphones for audio mixing.,Free
694,mechanical rgb keyboard,Electronics > Laptops,,Compact wireless earbuds with deep bass. <br>Waterproof!,-667.68
695,Mechanical RGB Keyboard,Audio > Headphones,   SoundX   ,Mechanical keyboard with tactile RGB switches.,₹117001.54
696,WORKSTATION LAPTOP PRO 16,Audio > Headphones,Apple,Ergonomic wireless optical mouse with quiet clicks.,₹125306.29
697,portable external ssd 1tb,Electronics > Desktops,Acoustics,<p>High performance <b>lightweight</b> laptop for productivity.</p>,-1997.47
698,STUDIO MONITOR HEADPHONES,Accessories > Adapters & Hubs,BuildPC,Affordable office laptop with long battery efficiency.,PRICE: $361.60
699,Bluetooth Party Speaker,Audio > Wireless > Earbuds,,<p>High performance <b>lightweight</b> laptop for productivity.</p>,PRICE: $1793.61
700,SLIM ULTRABOOK 14-INCH,Electronics > Desktops,   SoundX   ,Powerful gaming desktop PC with liquid cooling.,Free
701,slim ultrabook 14-inch,Tech > Audio > Speakers,Zenith,Ultra thin lightweight laptop for everyday office work.,-43.49
702,   Mechanical RGB Keyboard   ,Tech > Audio > Speakers,LogiTech,Ultra thin lightweight laptop for everyday office work.,$1863.52
703,PROBOOK ULTRA LAPTOP 15-INCH,,Zenith,Affordable office laptop with long battery efficiency.,
704,UNKNOWN PRODUCT,Wearables > Smartwatches,,Mechanical keyboard with tactile RGB switches.,PRICE: $330.92
705,STUDIO MONITOR HEADPHONES,Audio > Wireless > Earbuds,SoundX,Professional studio monitor wired headphones for audio mixing.,1971.27 USD
706,portable external ssd 1tb,Accessories > Keyboards,TechCorp,Mechanical keyboard with tactile RGB switches.,PRICE: $1071.22
707,probook ultra laptop 15-inch,Tech > Audio > Speakers,   techcorp   ,Compact wireless earbuds with deep bass. <br>Waterproof!,$260.48
708,PORTABLE EXTERNAL SSD 1TB,Accessories > Mouse,TechCorp,Compact wireless earbuds with deep bass. <br>Waterproof!,
709,BUDGET OFFICE LAPTOP 15,Electronics > Laptops,BuildPC,Professional studio monitor wired headphones for audio mixing.,
710,UNKNOWN PRODUCT,Audio > Headphones,Clicky,,₹82742.31
711,   Studio Monitor Headphones   ,Tech > Audio > Speakers,LogiTech,Powerful gaming desktop PC with liquid cooling.,846.35 USD
712,gaming desktop rtx 4070,Electronics > Desktops,SoundX,<p>High performance <b>lightweight</b> laptop for productivity.</p>,PRICE: $328.15
713,USB-C MULTIPORT HUB,Electronics > Laptops,techcorp,Ergonomic wireless optical mouse with quiet clicks.,₹62396.53
714,Gaming Desktop RTX 4070,Tech > Audio > Speakers,techcorp,Smart watch with heart rate monitor and GPS tracking.,1693
715,OVER-EAR NOISE CANCELING HEADPHONES,ELECTRONICS > LAPTOPS,   SoundX   ,High performance workstation laptop built for video editing.,₹117907.73
716,ergonomic wireless mouse,,   SoundX   ,Premium wireless over-ear headphones with active noise cancellation.,
717,bluetooth party speaker,Audio > Wireless > Earbuds,Acoustics,,PRICE: $176.87
718,Slim Ultrabook 14-inch,Electronics > Computers > Laptops,BuildPC,Compact wireless earbuds with deep bass. <br>Waterproof!,PRICE: $292.45
719,4k ultra hd monitor 27-inch,Accessories > Mouse,   BuildPC   ,Compact wireless earbuds with deep bass. <br>Waterproof!,263
720,Air Lite Wireless Earbuds,,SoundX,Professional studio monitor wired headphones for audio mixing.,Free
721,BLUETOOTH PARTY SPEAKER,Accessories > Mouse,,Powerful gaming desktop PC with liquid cooling.,Free
722,   Bluetooth Party Speaker   ,Audio > Wireless > Earbuds,Zenith,Smart watch with heart rate monitor and GPS tracking.,
723,mechanical rgb keyboard,Accessories > Mouse,,Compact wireless earbuds with deep bass. <br>Waterproof!,-1562.30
724,WORKSTATION LAPTOP PRO 16,,,Compact wireless earbuds with deep bass. <br>Waterproof!,PRICE: $1945.22
725,USB-C Multiport Hub,Electronics > Desktops,   Acoustics   ,High performance workstation laptop built for video editing.,$1620.75
726,Mechanical RGB Keyboard,Wearables > Smartwatches,SoundX,High performance workstation laptop built for video editing.,PRICE: $572.43
727,budget office laptop 15,ELECTRONICS > LAPTOPS,BuildPC,Smart watch with heart rate monitor and GPS tracking.,-1363.40
728,workstation laptop pro 16,Accessories > Keyboards,SoundX,High performance workstation laptop built for video editing.,$231.04
729,ergonomic wireless mouse,Tech > Audio > Speakers,Zenith,Premium wireless over-ear headphones with active noise cancellation.,493.34 USD
730,studio monitor headphones,ELECTRONICS > LAPTOPS,SoundX,Ergonomic wireless optical mouse with quiet clicks.,
731,Gaming Desktop RTX 4070,Accessories > Keyboards,,Compact wireless earbuds with deep bass. <br>Waterproof!,₹80712.19
732,over-ear noise canceling headphones,Audio > Headphones,SoundX,Premium wireless over-ear headphones with active noise cancellation.,1314
733,probook ultra laptop 15-inch,Audio > Wireless > Earbuds,Apple,,$920.58
734,4k ultra hd monitor 27-inch,Tech > Audio > Speakers,SoundX,Professional studio monitor wired headphones for audio mixing.,$1843.43
735,   Slim Ultrabook 14-inch   ,Audio > Headphones,Zenith,Mechanical keyboard with tactile RGB switches.,916
736,ProBook Ultra Laptop 15-inch,Electronics > Computers > Laptops,,Professional studio monitor wired headphones for audio mixing.,1104.10 USD
737,Bluetooth Party Speaker,Accessories > Adapters & Hubs,,Ergonomic wireless optical mouse with quiet clicks.,-1330.64
738,4K Ultra HD Monitor 27-inch,Audio > Wireless > Earbuds,Apple,Smart watch with heart rate monitor and GPS tracking.,499.55 USD
739,4K Ultra HD Monitor 27-inch,Accessories > Mouse,   Acoustics   ,Affordable office laptop with long battery efficiency.,-134.32
740,UNKNOWN PRODUCT,ELECTRONICS > LAPTOPS,Zenith,Powerful gaming desktop PC with liquid cooling.,$1118.01
741,usb-c multiport hub,Electronics > Desktops,LogiTech,Affordable office laptop with long battery efficiency.,₹36611.43
742,SMARTWATCH SERIES X,Audio > Wireless > Earbuds,Apple,High performance workstation laptop built for video editing.,₹67274.81
743,Portable External SSD 1TB,Audio > Headphones,   SoundX   ,<p>High performance <b>lightweight</b> laptop for productivity.</p>,"$1,001.94"
744,   Workstation Laptop Pro 16   ,Electronics > Computers > Laptops,BuildPC,Ultra thin lightweight laptop for everyday office work.,Free
745,MECHANICAL RGB KEYBOARD,Electronics > Desktops,BuildPC,Professional studio monitor wired headphones for audio mixing.,$1585.95
746,Smartwatch Series X,ELECTRONICS > LAPTOPS,BuildPC,Mechanical keyboard with tactile RGB switches.,1486
747,WORKSTATION LAPTOP PRO 16,Wearables > Smartwatches,TechCorp,Ergonomic wireless optical mouse with quiet clicks.,$133.84
748,   Mechanical RGB Keyboard   ,,LogiTech,Mechanical keyboard with tactile RGB switches.,$715.18
749,PROBOOK ULTRA LAPTOP 15-INCH,Wearables > Smartwatches,   LogiTech   ,Powerful gaming desktop PC with liquid cooling.,$1205.55
750,   Gaming Desktop RTX 4070   ,Accessories > Adapters & Hubs,LogiTech,Premium wireless over-ear headphones with active noise cancellation.,PRICE: $1349.94
751,Mechanical RGB Keyboard,Audio > Headphones,,Professional studio monitor wired headphones for audio mixing.,-371.72
752,Workstation Laptop Pro 16,Accessories > Mouse,Zenith,Mechanical keyboard with tactile RGB switches.,"$1,308.82"
753,GAMING DESKTOP RTX 4070,Audio > Wireless > Earbuds,Zenith,Smart watch with heart rate monitor and GPS tracking.,$318.89
754,UNKNOWN PRODUCT,Wearables > Smartwatches,Clicky,Compact wireless earbuds with deep bass. <br>Waterproof!,$526.85
755,   4K Ultra HD Monitor 27-inch   ,,Apple,Compact wireless earbuds with deep bass. <br>Waterproof!,408
756,   Gaming Desktop RTX 4070   ,Accessories > Mouse,   Clicky   ,Affordable office laptop with long battery efficiency.,₹84462.38
757,WORKSTATION LAPTOP PRO 16,Accessories > Adapters & Hubs,   Zenith   ,Ultra thin lightweight laptop for everyday office work.,-749.91
758,4k ultra hd monitor 27-inch,Accessories > Keyboards,LogiTech,,$908.33
759,UNKNOWN PRODUCT,Audio > Wireless > Earbuds,,Ergonomic wireless optical mouse with quiet clicks.,"$1,180.99"
760,USB-C Multiport Hub,Accessories > Keyboards,BuildPC,Affordable office laptop with long battery efficiency.,$1786.93
761,ERGONOMIC WIRELESS MOUSE,Tech > Audio > Speakers,Clicky,Premium wireless over-ear headphones with active noise cancellation.,$1939.82
762,   USB-C Multiport Hub   ,Electronics > Laptops,   Apple   ,Powerful gaming desktop PC with liquid cooling.,Free
763,   Smartwatch Series X   ,Audio > Headphones,SoundX,High performance workstation laptop built for video editing.,1979
764,   Portable External SSD 1TB   ,Wearables > Smartwatches,Apple,High performance workstation laptop built for video editing.,$602.47
765,probook ultra laptop 15-inch,,   SoundX   ,Powerful gaming desktop PC with liquid cooling.,"$1,152.15"
766,ERGONOMIC WIRELESS MOUSE,ELECTRONICS > LAPTOPS,,Affordable office laptop with long battery efficiency.,1241
767,UNKNOWN PRODUCT,Accessories > Keyboards,   TechCorp   ,Ergonomic wireless optical mouse with quiet clicks.,$52.24
768,UNKNOWN PRODUCT,Wearables > Smartwatches,BuildPC,Premium wireless over-ear headphones with active noise cancellation.,1103.33 USD
769,USB-C Multiport Hub,Accessories > Keyboards,Acoustics,Affordable office laptop with long battery efficiency.,-1740.16
770,MECHANICAL RGB KEYBOARD,Electronics > Computers > Laptops,SoundX,Ergonomic wireless optical mouse with quiet clicks.,-1253.90
771,Smartwatch Series X,,Zenith,Ergonomic wireless optical mouse with quiet clicks.,165.51 USD
772,   Budget Office Laptop 15   ,Audio > Headphones,techcorp,Compact wireless earbuds with deep bass. <br>Waterproof!,PRICE: $76.97
773,USB-C MULTIPORT HUB,,Acoustics,Ultra thin lightweight laptop for everyday office work.,Free
774,air lite wireless earbuds,Wearables > Smartwatches,,Professional studio monitor wired headphones for audio mixing.,PRICE: $1811.15
775,probook ultra laptop 15-inch,Tech > Audio > Speakers,,Ergonomic wireless optical mouse with quiet clicks.,1623.24 USD
776,portable external ssd 1tb,Electronics > Desktops,Zenith,Compact wireless earbuds with deep bass. <br>Waterproof!,527
777,Mechanical RGB Keyboard,Wearables > Smartwatches,   Acoustics   ,High performance workstation laptop built for video editing.,₹1948.00
778,4k ultra hd monitor 27-inch,Electronics > Laptops,   SoundX   ,Premium wireless over-ear headphones with active noise cancellation.,1924.51 USD
779,mechanical rgb keyboard,Electronics > Computers > Laptops,Clicky,,Free
780,UNKNOWN PRODUCT,Electronics > Desktops,,Smart watch with heart rate monitor and GPS tracking.,Free
781,studio monitor headphones,Wearables > Smartwatches,Clicky,Mechanical keyboard with tactile RGB switches.,
782,Bluetooth Party Speaker,Accessories > Adapters & Hubs,LogiTech,High performance workstation laptop built for video editing.,₹96611.70
783,Studio Monitor Headphones,Accessories > Adapters & Hubs,TechCorp,Affordable office laptop with long battery efficiency.,$1781.71
784,UNKNOWN PRODUCT,Electronics > Desktops,Clicky,Professional studio monitor wired headphones for audio mixing.,470.56 USD
785,air lite wireless earbuds,Accessories > Adapters & Hubs,SoundX,Mechanical keyboard with tactile RGB switches.,-100.03
786,Workstation Laptop Pro 16,Electronics > Computers > Laptops,techcorp,Affordable office laptop with long battery efficiency.,$415.29
787,Gaming Desktop RTX 4070,Accessories > Mouse,SoundX,Smart watch with heart rate monitor and GPS tracking.,PRICE: $1058.86
788,Over-Ear Noise Canceling Headphones,Accessories > Mouse,techcorp,High performance workstation laptop built for video editing.,Free
789,Budget Office Laptop 15,ELECTRONICS > LAPTOPS,SoundX,Ergonomic wireless optical mouse with quiet clicks.,-1139.99
790,Ergonomic Wireless Mouse,Electronics > Laptops,   BuildPC   ,Compact wireless earbuds with deep bass. <br>Waterproof!,-962.98
791,Workstation Laptop Pro 16,Accessories > Mouse,BuildPC,Ergonomic wireless optical mouse with quiet clicks.,
792,Over-Ear Noise Canceling Headphones,Audio > Headphones,SoundX,High performance workstation laptop built for video editing.,$73.14
793,4K Ultra HD Monitor 27-inch,Accessories > Keyboards,   SoundX   ,Premium wireless over-ear headphones with active noise cancellation.,1471.21 USD
794,usb-c multiport hub,Accessories > Adapters & Hubs,SoundX,,
795,Gaming Desktop RTX 4070,ELECTRONICS > LAPTOPS,LogiTech,Premium wireless over-ear headphones with active noise cancellation.,"$1,392.01"
796,Slim Ultrabook 14-inch,,LogiTech,,Free
797,GAMING DESKTOP RTX 4070,Tech > Audio > Speakers,   Acoustics   ,Affordable office laptop with long battery efficiency.,Free
798,Bluetooth Party Speaker,ELECTRONICS > LAPTOPS,Clicky,,"$1,314.91"
799,USB-C MULTIPORT HUB,Accessories > Mouse,TechCorp,Compact wireless earbuds with deep bass. <br>Waterproof!,$516.38
800,   Ergonomic Wireless Mouse   ,Wearables > Smartwatches,SoundX,Compact wireless earbuds with deep bass. <br>Waterproof!,291
801,   Workstation Laptop Pro 16   ,Electronics > Laptops,BuildPC,Smart watch with heart rate monitor and GPS tracking.,1232
802,   Portable External SSD 1TB   ,,Clicky,Compact wireless earbuds with deep bass. <br>Waterproof!,$222.79
803,BUDGET OFFICE LAPTOP 15,Audio > Headphones,   LogiTech   ,Mechanical keyboard with tactile RGB switches.,
804,4k ultra hd monitor 27-inch,Accessories > Mouse,Apple,Affordable office laptop with long battery efficiency.,1306
805,MECHANICAL RGB KEYBOARD,Accessories > Mouse,Zenith,Compact wireless earbuds with deep bass. <br>Waterproof!,1608
806,4k ultra hd monitor 27-inch,ELECTRONICS > LAPTOPS,   SoundX   ,Professional studio monitor wired headphones for audio mixing.,
807,Portable External SSD 1TB,Accessories > Keyboards,Clicky,Professional studio monitor wired headphones for audio mixing.,-1686.98
808,BUDGET OFFICE LAPTOP 15,Electronics > Desktops,Apple,Ergonomic wireless optical mouse with quiet clicks.,Free
809,Over-Ear Noise Canceling Headphones,Audio > Headphones,Zenith,Compact wireless earbuds with deep bass. <br>Waterproof!,$100.96
810,UNKNOWN PRODUCT,Audio > Wireless > Earbuds,   TechCorp   ,Premium wireless over-ear headphones with active noise cancellation.,₹151888.59
811,4k ultra hd monitor 27-inch,ELECTRONICS > LAPTOPS,LogiTech,Professional studio monitor wired headphones for audio mixing.,-82.86
812,   Portable External SSD 1TB   ,Electronics > Computers > Laptops,LogiTech,,₹90308.79
813,   4K Ultra HD Monitor 27-inch   ,Electronics > Laptops,Apple,,1570
814,Bluetooth Party Speaker,Audio > Headphones,BuildPC,Premium wireless over-ear headphones with active noise cancellation.,₹123466.49
815,   Portable External SSD 1TB   ,Accessories > Adapters & Hubs,techcorp,Smart watch with heart rate monitor and GPS tracking.,$1237.48
816,MECHANICAL RGB KEYBOARD,Tech > Audio > Speakers,Clicky,High performance workstation laptop built for video editing.,1152
817,UNKNOWN PRODUCT,ELECTRONICS > LAPTOPS,SoundX,Ultra thin lightweight laptop for everyday office work.,$1352.50
818,   Bluetooth Party Speaker   ,Accessories > Mouse,SoundX,Smart watch with heart rate monitor and GPS tracking.,"$1,600.48"
819,gaming desktop rtx 4070,Wearables > Smartwatches,   TechCorp   ,Ergonomic wireless optical mouse with quiet clicks.,88.90 USD
820,Portable External SSD 1TB,Accessories > Adapters & Hubs,   BuildPC   ,Compact wireless earbuds with deep bass. <br>Waterproof!,PRICE: $339.44
821,Workstation Laptop Pro 16,Electronics > Laptops,BuildPC,Smart watch with heart rate monitor and GPS tracking.,
822,Gaming Desktop RTX 4070,Electronics > Computers > Laptops,Apple,<p>High performance <b>lightweight</b> laptop for productivity.</p>,PRICE: $224.14
823,Air Lite Wireless Earbuds,Accessories > Adapters & Hubs,,Powerful gaming desktop PC with liquid cooling.,PRICE: $110.01
824,usb-c multiport hub,Wearables > Smartwatches,Zenith,Compact wireless earbuds with deep bass. <br>Waterproof!,1540.64 USD
825,workstation laptop pro 16,Audio > Headphones,SoundX,Ergonomic wireless optical mouse with quiet clicks.,-1319.43
826,   Over-Ear Noise Canceling Headphones   ,Tech > Audio > Speakers,Zenith,Ultra thin lightweight laptop for everyday office work.,
827,USB-C Multiport Hub,Wearables > Smartwatches,   Acoustics   ,Powerful gaming desktop PC with liquid cooling.,
828,   ProBook Ultra Laptop 15-inch   ,Audio > Headphones,Apple,Ultra thin lightweight laptop for everyday office work.,1750.83 USD
829,   Mechanical RGB Keyboard   ,Tech > Audio > Speakers,   techcorp   ,Ultra thin lightweight laptop for everyday office work.,
830,portable external ssd 1tb,Electronics > Laptops,Apple,<p>High performance <b>lightweight</b> laptop for productivity.</p>,Free
831,4K Ultra HD Monitor 27-inch,Tech > Audio > Speakers,SoundX,Affordable office laptop with long battery efficiency.,-195.12
832,OVER-EAR NOISE CANCELING HEADPHONES,ELECTRONICS > LAPTOPS,SoundX,Premium wireless over-ear headphones with active noise cancellation.,-1475.05
833,USB-C Multiport Hub,Wearables > Smartwatches,Apple,Smart watch with heart rate monitor and GPS tracking.,$1573.88
834,STUDIO MONITOR HEADPHONES,Audio > Wireless > Earbuds,TechCorp,<p>High performance <b>lightweight</b> laptop for productivity.</p>,
835,   Gaming Desktop RTX 4070   ,ELECTRONICS > LAPTOPS,SoundX,Compact wireless earbuds with deep bass. <br>Waterproof!,873
836,   Budget Office Laptop 15   ,Tech > Audio > Speakers,Zenith,High performance workstation laptop built for video editing.,Free
837,mechanical rgb keyboard,Electronics > Computers > Laptops,,Affordable office laptop with long battery efficiency.,"$1,808.45"
838,AIR LITE WIRELESS EARBUDS,Wearables > Smartwatches,LogiTech,Ultra thin lightweight laptop for everyday office work.,$964.19
839,UNKNOWN PRODUCT,Electronics > Computers > Laptops,SoundX,Ultra thin lightweight laptop for everyday office work.,1073
840,Slim Ultrabook 14-inch,Tech > Audio > Speakers,TechCorp,Mechanical keyboard with tactile RGB switches.,
841,Bluetooth Party Speaker,Accessories > Adapters & Hubs,LogiTech,High performance workstation laptop built for video editing.,PRICE: $125.45
842,Slim Ultrabook 14-inch,Wearables > Smartwatches,BuildPC,Powerful gaming desktop PC with liquid cooling.,
843,BLUETOOTH PARTY SPEAKER,Accessories > Mouse,Clicky,Affordable office laptop with long battery efficiency.,$670.35
844,Budget Office Laptop 15,Accessories > Mouse,SoundX,Mechanical keyboard with tactile RGB switches.,₹68051.02
845,   Slim Ultrabook 14-inch   ,Audio > Headphones,LogiTech,Mechanical keyboard with tactile RGB switches.,-1035.38
846,bluetooth party speaker,,Apple,High performance workstation laptop built for video editing.,"$1,415.05"
847,Gaming Desktop RTX 4070,Wearables > Smartwatches,BuildPC,Affordable office laptop with long battery efficiency.,$728.77
848,AIR LITE WIRELESS EARBUDS,,   techcorp   ,High performance workstation laptop built for video editing.,628
849,workstation laptop pro 16,Electronics > Desktops,LogiTech,Affordable office laptop with long battery efficiency.,$1265.24
850,STUDIO MONITOR HEADPHONES,Electronics > Desktops,Acoustics,Compact wireless earbuds with deep bass. <br>Waterproof!,1303.38 USD
851,bluetooth party speaker,Audio > Headphones,,Ultra thin lightweight laptop for everyday office work.,$1455.70
852,bluetooth party speaker,Electronics > Desktops,   Acoustics   ,Smart watch with heart rate monitor and GPS tracking.,-1426.23
853,usb-c multiport hub,Audio > Wireless > Earbuds,SoundX,Ergonomic wireless optical mouse with quiet clicks.,275
854,BLUETOOTH PARTY SPEAKER,Electronics > Desktops,SoundX,Affordable office laptop with long battery efficiency.,
855,ProBook Ultra Laptop 15-inch,Audio > Headphones,   Zenith   ,Professional studio monitor wired headphones for audio mixing.,₹140431.36
856,Slim Ultrabook 14-inch,,SoundX,High performance workstation laptop built for video editing.,
857,   Smartwatch Series X   ,Tech > Audio > Speakers,,Ultra thin lightweight laptop for everyday office work.,245
858,MECHANICAL RGB KEYBOARD,Electronics > Desktops,Apple,High performance workstation laptop built for video editing.,1473
859,SMARTWATCH SERIES X,Accessories > Mouse,SoundX,Smart watch with heart rate monitor and GPS tracking.,PRICE: $1221.12
860,Portable External SSD 1TB,Tech > Audio > Speakers,LogiTech,,
861,WORKSTATION LAPTOP PRO 16,Tech > Audio > Speakers,,Ultra thin lightweight laptop for everyday office work.,1394
862,   Smartwatch Series X   ,Accessories > Keyboards,Zenith,High performance workstation laptop built for video editing.,$1731.92
863,SLIM ULTRABOOK 14-INCH,Electronics > Desktops,TechCorp,Premium wireless over-ear headphones with active noise cancellation.,Free
864,UNKNOWN PRODUCT,Audio > Headphones,SoundX,Affordable office laptop with long battery efficiency.,₹77765.74
865,   USB-C Multiport Hub   ,Accessories > Adapters & Hubs,BuildPC,Mechanical keyboard with tactile RGB switches.,174.64 USD
866,Ergonomic Wireless Mouse,Accessories > Mouse,TechCorp,Mechanical keyboard with tactile RGB switches.,1965.12 USD
867,UNKNOWN PRODUCT,Accessories > Keyboards,techcorp,Professional studio monitor wired headphones for audio mixing.,
868,   4K Ultra HD Monitor 27-inch   ,Electronics > Laptops,SoundX,Ergonomic wireless optical mouse with quiet clicks.,PRICE: $1014.41
869,Bluetooth Party Speaker,Accessories > Adapters & Hubs,Zenith,Ultra thin lightweight laptop for everyday office work.,$1516.11
870,usb-c multiport hub,Accessories > Adapters & Hubs,BuildPC,Affordable office laptop with long battery efficiency.,$775.46
871,UNKNOWN PRODUCT,,Apple,Premium wireless over-ear headphones with active noise cancellation.,$399.87
872,studio monitor headphones,Accessories > Adapters & Hubs,techcorp,Premium wireless over-ear headphones with active noise cancellation.,$916.63
873,Ergonomic Wireless Mouse,Audio > Headphones,SoundX,Mechanical keyboard with tactile RGB switches.,-1191.55
874,Budget Office Laptop 15,Wearables > Smartwatches,BuildPC,Ergonomic wireless optical mouse with quiet clicks.,$1737.26
875,Smartwatch Series X,Accessories > Mouse,TechCorp,Affordable office laptop with long battery efficiency.,610.00 USD
876,Portable External SSD 1TB,Accessories > Keyboards,Apple,<p>High performance <b>lightweight</b> laptop for productivity.</p>,₹109716.14
877,Mechanical RGB Keyboard,Accessories > Adapters & Hubs,Clicky,<p>High performance <b>lightweight</b> laptop for productivity.</p>,₹95544.70
878,PROBOOK ULTRA LAPTOP 15-INCH,Electronics > Desktops,   Acoustics   ,Professional studio monitor wired headphones for audio mixing.,
879,Over-Ear Noise Canceling Headphones,Audio > Wireless > Earbuds,   LogiTech   ,Professional studio monitor wired headphones for audio mixing.,₹58913.57
880,   Gaming Desktop RTX 4070   ,Accessories > Mouse,techcorp,Ergonomic wireless optical mouse with quiet clicks.,$907.39
881,Bluetooth Party Speaker,,LogiTech,High performance workstation laptop built for video editing.,
882,   Over-Ear Noise Canceling Headphones   ,Tech > Audio > Speakers,,High performance workstation laptop built for video editing.,-1842.54
883,gaming desktop rtx 4070,ELECTRONICS > LAPTOPS,Zenith,Premium wireless over-ear headphones with active noise cancellation.,1496
884,PORTABLE EXTERNAL SSD 1TB,ELECTRONICS > LAPTOPS,Acoustics,Ergonomic wireless optical mouse with quiet clicks.,1919.25 USD
885,   Air Lite Wireless Earbuds   ,Electronics > Computers > Laptops,SoundX,Premium wireless over-ear headphones with active noise cancellation.,1260.38 USD
886,ergonomic wireless mouse,Electronics > Laptops,   Acoustics   ,Powerful gaming desktop PC with liquid cooling.,PRICE: $1522.54
887,slim ultrabook 14-inch,Tech > Audio > Speakers,   Clicky   ,Ultra thin lightweight laptop for everyday office work.,
888,MECHANICAL RGB KEYBOARD,Audio > Headphones,   techcorp   ,Powerful gaming desktop PC with liquid cooling.,$1490.90
889,   Air Lite Wireless Earbuds   ,Wearables > Smartwatches,Apple,High performance workstation laptop built for video editing.,-1014.90
890,Bluetooth Party Speaker,Accessories > Mouse,LogiTech,Ergonomic wireless optical mouse with quiet clicks.,$1894.76
891,bluetooth party speaker,Audio > Wireless > Earbuds,Acoustics,Premium wireless over-ear headphones with active noise cancellation.,Free
892,Budget Office Laptop 15,Electronics > Computers > Laptops,techcorp,Smart watch with heart rate monitor and GPS tracking.,-658.05
893,probook ultra laptop 15-inch,Accessories > Adapters & Hubs,BuildPC,Ultra thin lightweight laptop for everyday office work.,₹25045.16
894,air lite wireless earbuds,Tech > Audio > Speakers,LogiTech,Professional studio monitor wired headphones for audio mixing.,1272
895,WORKSTATION LAPTOP PRO 16,ELECTRONICS > LAPTOPS,Acoustics,Premium wireless over-ear headphones with active noise cancellation.,
896,portable external ssd 1tb,Accessories > Adapters & Hubs,   SoundX   ,Ergonomic wireless optical mouse with quiet clicks.,PRICE: $561.14
897,Over-Ear Noise Canceling Headphones,ELECTRONICS > LAPTOPS,BuildPC,High performance workstation laptop built for video editing.,1397
898,   Workstation Laptop Pro 16   ,Audio > Wireless > Earbuds,   BuildPC   ,Ultra thin lightweight laptop for everyday office work.,1316.64 USD
899,smartwatch series x,Accessories > Mouse,SoundX,Mechanical keyboard with tactile RGB switches.,Free
900,Portable External SSD 1TB,Wearables > Smartwatches,,Smart watch with heart rate monitor and GPS tracking.,$1797.25
901,Budget Office Laptop 15,Audio > Headphones,BuildPC,Compact wireless earbuds with deep bass. <br>Waterproof!,1710
902,budget office laptop 15,Accessories > Keyboards,TechCorp,Premium wireless over-ear headphones with active noise cancellation.,PRICE: $1982.22
903,4k ultra hd monitor 27-inch,Accessories > Mouse,,High performance workstation laptop built for video editing.,Free
904,Bluetooth Party Speaker,Accessories > Mouse,,Ultra thin lightweight laptop for everyday office work.,₹153632.85
905,Gaming Desktop RTX 4070,Accessories > Mouse,SoundX,Smart watch with heart rate monitor and GPS tracking.,$622.35
906,WORKSTATION LAPTOP PRO 16,Audio > Wireless > Earbuds,SoundX,High performance workstation laptop built for video editing.,"$1,175.42"
907,   Smartwatch Series X   ,Wearables > Smartwatches,TechCorp,Ergonomic wireless optical mouse with quiet clicks.,Free
908,Air Lite Wireless Earbuds,Accessories > Mouse,techcorp,Mechanical keyboard with tactile RGB switches.,₹141135.53
909,portable external ssd 1tb,Electronics > Desktops,techcorp,Affordable office laptop with long battery efficiency.,PRICE: $1619.00
910,Studio Monitor Headphones,Accessories > Adapters & Hubs,Zenith,Premium wireless over-ear headphones with active noise cancellation.,$897.46
911,   Gaming Desktop RTX 4070   ,Accessories > Adapters & Hubs,TechCorp,Premium wireless over-ear headphones with active noise cancellation.,$1160.97
912,MECHANICAL RGB KEYBOARD,Audio > Wireless > Earbuds,SoundX,Ergonomic wireless optical mouse with quiet clicks.,$781.64
913,smartwatch series x,Accessories > Keyboards,Apple,Smart watch with heart rate monitor and GPS tracking.,Free
914,GAMING DESKTOP RTX 4070,Accessories > Keyboards,   SoundX   ,High performance workstation laptop built for video editing.,869.88 USD
915,ProBook Ultra Laptop 15-inch,Tech > Audio > Speakers,,Professional studio monitor wired headphones for audio mixing.,894
916,Ergonomic Wireless Mouse,Tech > Audio > Speakers,Clicky,Powerful gaming desktop PC with liquid cooling.,$71.31
917,Over-Ear Noise Canceling Headphones,Electronics > Laptops,Clicky,Affordable office laptop with long battery efficiency.,Free
918,Budget Office Laptop 15,Accessories > Mouse,BuildPC,Affordable office laptop with long battery efficiency.,1568.67 USD
919,   Over-Ear Noise Canceling Headphones   ,Accessories > Keyboards,   LogiTech   ,Affordable office laptop with long battery efficiency.,1672
920,UNKNOWN PRODUCT,ELECTRONICS > LAPTOPS,BuildPC,,1369.00 USD
921,Workstation Laptop Pro 16,Audio > Wireless > Earbuds,Clicky,Powerful gaming desktop PC with liquid cooling.,1055.94 USD
922,Air Lite Wireless Earbuds,Audio > Wireless > Earbuds,LogiTech,Smart watch with heart rate monitor and GPS tracking.,PRICE: $1531.91
923,UNKNOWN PRODUCT,Wearables > Smartwatches,SoundX,Professional studio monitor wired headphones for audio mixing.,$403.67
924,PROBOOK ULTRA LAPTOP 15-INCH,Accessories > Mouse,   Clicky   ,Professional studio monitor wired headphones for audio mixing.,₹144428.68
925,Ergonomic Wireless Mouse,Accessories > Keyboards,SoundX,,PRICE: $1847.27
926,Ergonomic Wireless Mouse,,LogiTech,Powerful gaming desktop PC with liquid cooling.,$1576.79
927,ProBook Ultra Laptop 15-inch,ELECTRONICS > LAPTOPS,TechCorp,Professional studio monitor wired headphones for audio mixing.,-850.65
928,   Slim Ultrabook 14-inch   ,Electronics > Desktops,SoundX,<p>High performance <b>lightweight</b> laptop for productivity.</p>,$453.43
929,Budget Office Laptop 15,Accessories > Mouse,Acoustics,Mechanical keyboard with tactile RGB switches.,Free
930,portable external ssd 1tb,ELECTRONICS > LAPTOPS,   Apple   ,High performance workstation laptop built for video editing.,PRICE: $1430.02
931,   Air Lite Wireless Earbuds   ,Audio > Headphones,,<p>High performance <b>lightweight</b> laptop for productivity.</p>,"$1,588.95"
932,Mechanical RGB Keyboard,Electronics > Computers > Laptops,   LogiTech   ,Ergonomic wireless optical mouse with quiet clicks.,260
933,mechanical rgb keyboard,Electronics > Laptops,   LogiTech   ,Powerful gaming desktop PC with liquid cooling.,
934,   Over-Ear Noise Canceling Headphones   ,Electronics > Desktops,TechCorp,Ergonomic wireless optical mouse with quiet clicks.,712
935,PROBOOK ULTRA LAPTOP 15-INCH,Tech > Audio > Speakers,TechCorp,Affordable office laptop with long battery efficiency.,1619
936,Mechanical RGB Keyboard,Electronics > Desktops,SoundX,Ultra thin lightweight laptop for everyday office work.,PRICE: $1923.17
937,   USB-C Multiport Hub   ,Tech > Audio > Speakers,Clicky,Premium wireless over-ear headphones with active noise cancellation.,Free
938,   Workstation Laptop Pro 16   ,Electronics > Desktops,,Professional studio monitor wired headphones for audio mixing.,Free
939,   Portable External SSD 1TB   ,Accessories > Mouse,,<p>High performance <b>lightweight</b> laptop for productivity.</p>,₹11632.43
940,   Ergonomic Wireless Mouse   ,Electronics > Computers > Laptops,,Premium wireless over-ear headphones with active noise cancellation.,Free
941,   Smartwatch Series X   ,Electronics > Computers > Laptops,Apple,Smart watch with heart rate monitor and GPS tracking.,Free
942,Smartwatch Series X,Accessories > Keyboards,LogiTech,Ergonomic wireless optical mouse with quiet clicks.,₹61648.61
943,Smartwatch Series X,Tech > Audio > Speakers,SoundX,Professional studio monitor wired headphones for audio mixing.,-1561.48
944,   Ergonomic Wireless Mouse   ,Tech > Audio > Speakers,SoundX,Smart watch with heart rate monitor and GPS tracking.,₹15745.09
945,4k ultra hd monitor 27-inch,ELECTRONICS > LAPTOPS,Clicky,Powerful gaming desktop PC with liquid cooling.,Free
946,   Budget Office Laptop 15   ,Audio > Headphones,Zenith,High performance workstation laptop built for video editing.,
947,Studio Monitor Headphones,Accessories > Mouse,,Premium wireless over-ear headphones with active noise cancellation.,494
948,studio monitor headphones,Accessories > Mouse,Apple,Compact wireless earbuds with deep bass. <br>Waterproof!,$913.55
949,UNKNOWN PRODUCT,Accessories > Mouse,BuildPC,Affordable office laptop with long battery efficiency.,Free
950,Smartwatch Series X,Audio > Wireless > Earbuds,BuildPC,Professional studio monitor wired headphones for audio mixing.,$543.19
951,   Mechanical RGB Keyboard   ,Audio > Wireless > Earbuds,Apple,Powerful gaming desktop PC with liquid cooling.,$1795.25
952,GAMING DESKTOP RTX 4070,Accessories > Mouse,Zenith,Mechanical keyboard with tactile RGB switches.,-1291.83
953,air lite wireless earbuds,ELECTRONICS > LAPTOPS,,Mechanical keyboard with tactile RGB switches.,Free
954,slim ultrabook 14-inch,Accessories > Adapters & Hubs,Zenith,Affordable office laptop with long battery efficiency.,
955,   Mechanical RGB Keyboard   ,Accessories > Adapters & Hubs,   Apple   ,<p>High performance <b>lightweight</b> laptop for productivity.</p>,1067
956,slim ultrabook 14-inch,ELECTRONICS > LAPTOPS,   Acoustics   ,Smart watch with heart rate monitor and GPS tracking.,Free
957,PORTABLE EXTERNAL SSD 1TB,Wearables > Smartwatches,Clicky,High performance workstation laptop built for video editing.,
958,Workstation Laptop Pro 16,Audio > Wireless > Earbuds,   Acoustics   ,Professional studio monitor wired headphones for audio mixing.,-1310.81
959,STUDIO MONITOR HEADPHONES,Wearables > Smartwatches,Zenith,<p>High performance <b>lightweight</b> laptop for productivity.</p>,PRICE: $1889.39
960,   USB-C Multiport Hub   ,Electronics > Computers > Laptops,,High performance workstation laptop built for video editing.,320
961,SMARTWATCH SERIES X,Wearables > Smartwatches,Zenith,Affordable office laptop with long battery efficiency.,Free
962,UNKNOWN PRODUCT,Accessories > Adapters & Hubs,TechCorp,Affordable office laptop with long battery efficiency.,-74.05
963,USB-C Multiport Hub,Wearables > Smartwatches,Acoustics,Powerful gaming desktop PC with liquid cooling.,
964,Slim Ultrabook 14-inch,,,Mechanical keyboard with tactile RGB switches.,-244.07
965,usb-c multiport hub,Accessories > Keyboards,,Affordable office laptop with long battery efficiency.,-982.86
966,USB-C MULTIPORT HUB,Audio > Wireless > Earbuds,Apple,High performance workstation laptop built for video editing.,₹14968.79
967,   Over-Ear Noise Canceling Headphones   ,Accessories > Mouse,,High performance workstation laptop built for video editing.,$1771.12
968,   Workstation Laptop Pro 16   ,Audio > Headphones,   SoundX   ,Affordable office laptop with long battery efficiency.,$493.78
969,Ergonomic Wireless Mouse,Electronics > Desktops,,Affordable office laptop with long battery efficiency.,1583
970,   Workstation Laptop Pro 16   ,,Acoustics,Ultra thin lightweight laptop for everyday office work.,-249.73
971,   Slim Ultrabook 14-inch   ,Accessories > Adapters & Hubs,Apple,Smart watch with heart rate monitor and GPS tracking.,Free
972,Slim Ultrabook 14-inch,Electronics > Laptops,SoundX,High performance workstation laptop built for video editing.,$608.90
973,   Budget Office Laptop 15   ,Electronics > Computers > Laptops,   Acoustics   ,Ergonomic wireless optical mouse with quiet clicks.,₹114383.83
974,probook ultra laptop 15-inch,Electronics > Desktops,Clicky,Compact wireless earbuds with deep bass. <br>Waterproof!,
975,Portable External SSD 1TB,Electronics > Desktops,Acoustics,Mechanical keyboard with tactile RGB switches.,
976,   Gaming Desktop RTX 4070   ,Electronics > Laptops,Apple,Ergonomic wireless optical mouse with quiet clicks.,
977,studio monitor headphones,Electronics > Computers > Laptops,   Clicky   ,<p>High performance <b>lightweight</b> laptop for productivity.</p>,₹155184.26
978,UNKNOWN PRODUCT,Accessories > Mouse,,Professional studio monitor wired headphones for audio mixing.,751.28 USD
979,   ProBook Ultra Laptop 15-inch   ,Electronics > Desktops,   LogiTech   ,Ergonomic wireless optical mouse with quiet clicks.,-245.63
980,UNKNOWN PRODUCT,Tech > Audio > Speakers,BuildPC,Compact wireless earbuds with deep bass. <br>Waterproof!,-824.70
981,MECHANICAL RGB KEYBOARD,Electronics > Desktops,Clicky,High performance workstation laptop built for video editing.,₹111399.09
982,   Studio Monitor Headphones   ,Accessories > Mouse,Acoustics,<p>High performance <b>lightweight</b> laptop for productivity.</p>,PRICE: $1536.42
983,WORKSTATION LAPTOP PRO 16,Accessories > Adapters & Hubs,,Ergonomic wireless optical mouse with quiet clicks.,₹151893.65
984,Smartwatch Series X,ELECTRONICS > LAPTOPS,BuildPC,Powerful gaming desktop PC with liquid cooling.,"$1,066.01"
985,USB-C MULTIPORT HUB,Tech > Audio > Speakers,Zenith,Smart watch with heart rate monitor and GPS tracking.,Free
986,slim ultrabook 14-inch,ELECTRONICS > LAPTOPS,SoundX,Powerful gaming desktop PC with liquid cooling.,1311
987,bluetooth party speaker,Wearables > Smartwatches,   LogiTech   ,High performance workstation laptop built for video editing.,-1248.71
988,Budget Office Laptop 15,Accessories > Mouse,BuildPC,Ultra thin lightweight laptop for everyday office work.,-434.98
989,Budget Office Laptop 15,Electronics > Laptops,BuildPC,High performance workstation laptop built for video editing.,₹83393.29
990,smartwatch series x,,Clicky,Professional studio monitor wired headphones for audio mixing.,$1401.58
991,OVER-EAR NOISE CANCELING HEADPHONES,Electronics > Laptops,TechCorp,High performance workstation laptop built for video editing.,699
992,Portable External SSD 1TB,Accessories > Keyboards,   Acoustics   ,Premium wireless over-ear headphones with active noise cancellation.,₹109399.81
993,   USB-C Multiport Hub   ,Audio > Wireless > Earbuds,   Clicky   ,Compact wireless earbuds with deep bass. <br>Waterproof!,
994,USB-C MULTIPORT HUB,Electronics > Computers > Laptops,SoundX,Affordable office laptop with long battery efficiency.,₹5860.94
995,Workstation Laptop Pro 16,ELECTRONICS > LAPTOPS,SoundX,Compact wireless earbuds with deep bass. <br>Waterproof!,-1903.56
996,Bluetooth Party Speaker,Electronics > Desktops,TechCorp,,Free
997,PORTABLE EXTERNAL SSD 1TB,Audio > Wireless > Earbuds,Acoustics,Compact wireless earbuds with deep bass. <br>Waterproof!,435
998,Studio Monitor Headphones,Audio > Headphones,Acoustics,Mechanical keyboard with tactile RGB switches.,-1612.38
999,USB-C Multiport Hub,Tech > Audio > Speakers,Acoustics,<p>High performance <b>lightweight</b> laptop for productivity.</p>,-1636.85
1000,   ProBook Ultra Laptop 15-inch   ,Accessories > Adapters & Hubs,BuildPC,Professional studio monitor wired headphones for audio mixing.,"$1,822.67"
1001,OVER-EAR NOISE CANCELING HEADPHONES,ELECTRONICS > LAPTOPS,Acoustics,Compact wireless earbuds with deep bass. <br>Waterproof!,$621.07
1002,over-ear noise canceling headphones,Accessories > Adapters & Hubs,   Zenith   ,Mechanical keyboard with tactile RGB switches.,"$1,387.22"
1003,Smartwatch Series X,Accessories > Keyboards,,High performance workstation laptop built for video editing.,Free
1004,WORKSTATION LAPTOP PRO 16,Electronics > Computers > Laptops,,High performance workstation laptop built for video editing.,-781.90
1005,Air Lite Wireless Earbuds,Tech > Audio > Speakers,Zenith,Premium wireless over-ear headphones with active noise cancellation.,1448.76 USD
1006,   USB-C Multiport Hub   ,Audio > Headphones,Zenith,Mechanical keyboard with tactile RGB switches.,
1007,   Workstation Laptop Pro 16   ,Accessories > Mouse,,Ergonomic wireless optical mouse with quiet clicks.,514.62 USD
1008,probook ultra laptop 15-inch,Tech > Audio > Speakers,   Acoustics   ,Compact wireless earbuds with deep bass. <br>Waterproof!,264.84 USD
1009,Studio Monitor Headphones,Electronics > Laptops,Apple,,PRICE: $590.45
1010,probook ultra laptop 15-inch,Electronics > Desktops,   Acoustics   ,Smart watch with heart rate monitor and GPS tracking.,"$1,202.35"
1011,4K Ultra HD Monitor 27-inch,,SoundX,Ergonomic wireless optical mouse with quiet clicks.,₹3071.05
1012,   Workstation Laptop Pro 16   ,Wearables > Smartwatches,BuildPC,Compact wireless earbuds with deep bass. <br>Waterproof!,₹148754.15
1013,Studio Monitor Headphones,Tech > Audio > Speakers,BuildPC,Professional studio monitor wired headphones for audio mixing.,PRICE: $1630.03
1014,Ergonomic Wireless Mouse,Tech > Audio > Speakers,Apple,Ergonomic wireless optical mouse with quiet clicks.,PRICE: $1820.59
